Extention Group Name,PhoneNumber,Description
ALRES  NM - Albuquerque,5054333700,DEPT: 2471 AL-3506 Florida St. NE
ALRES  NM - Albuquerque,5055036479,DEPT: 2473 AL-4820 Hilton Ave. NE
ALRES  NM - Albuquerque,5052657936,DEPT 2509 SF-Adult Day Hab
ALRES  NM - Albuquerque,5053083952,DEPT: 2474 AL-9105 Somervell Ct.
AMRES  TX - Amarillo,8063525502,DEPT: 6422 AM-Day Hab
AMRES  TX - Amarillo,8066543056,DEPT: 6422 AM-Day Hab
AMRES  TX - Amarillo,8066543081,DEPT: 6422 AM-Day Hab
AMRES  TX - Amarillo,8066543059,DEPT: 6422 AM-Day Hab
AMRES  TX - Amarillo,8063796907,DEPT: 6422 AM-Day Hab
AMRES  TX - Amarillo,8064570554,DEPT: 6426 AM-Vance
AMRES  TX - Amarillo,8064632137,DEPT: 6427 AM-Granada
AMRES  TX - Amarillo,8063540209,DEPT: 6428 AM-Simpson
AMRES  TX - Amarillo,8063568251,DEPT: 6429 AM-Hurst
AMRES  TX - Amarillo,8063595420,DEPT: 6430 AM-Charles
AMRES  TX - Amarillo,8063566243,DEPT: 6431 AM-Rushmore
AMRES  TX - Amarillo,8063314465,DEPT: 6432 AM-Alpine Lane
AMRES  TX - Amarillo,8063316869,DEPT: 6433 AM-Alexandria
AMRES  TX - Amarillo,8063317319,DEPT: 6434 AM-Pleasant Court
AMRES  TX - Amarillo,8063317872,DEPT: 6435 AM-1608 SW 61st
AMRES  TX - Amarillo,8063317646,DEPT: 6436 AM-4501 Ross
AMRES  TX - Amarillo,8063317652,DEPT: 6437 AM-4521 Wilson
AMRES  TX - Amarillo,8063526700,DEPT: 6438 AM-Job Trng - Plcmnt DARS
AMRES  TX - Amarillo,8063582545,DEPT: 9032 AM-G-A
AMRES  TX - Amarillo,8063796901,DEPT: 9032 AM-G-A
AMRES  TX - Amarillo,8063796931,DEPT: 9032 AM-G-A
AMRES  TX - Amarillo,8063796935,DEPT: 9032 AM-G-A
AMRES  TX - Amarillo,8063796965,DEPT: 9032 AM-G-A
AMRES  TX - Amarillo,8063796975,DEPT: 9032 AM-G-A
AMRES  TX - Amarillo,8063796983,DEPT: 9032 AM-G-A
AMRES  TX - Amarillo,8063797096,DEPT: 9032 AM-G-A
AMRES  TX - Amarillo,5124910304,DEPT: 6610 AU-Hunters Trace
AMRES  TX - Amarillo,5129891988,DEPT: 6611 AU-Camp Fire Trail
AMRES  TX - Amarillo,5129900809,DEPT: 6612 AU-Dansworth Dr
AMRES  TX - Amarillo,5129695060,DEPT: 6613 AU-1407 Petunia Ln.
AMRES  TX - Amarillo,5129695061,DEPT: 6613 AU-1407 Petunia Ln.
AMRES  TX - Amarillo,5129695062,DEPT: 6613 AU-1407 Petunia Ln.
AMRES  TX - Amarillo,5125205705,DEPT: 6614 AU-Kensington Castle Tr
AMRES  TX - Amarillo,5125183550,DEPT: 6615 AU- 19313 Polden Hills Way
AMRES  TX - Amarillo,5125183165,DEPT: 6616  AU 2901 Fresh Spring Road
AMRES  TX - Amarillo,5122762088,DEPT: 9044 AU-G-A
AURES TX - Austin,5124910304,DEPT: 6610 AU - Hunters Trace
AURES TX - Austin,5129891988,DEPT: 6611 AU - Camp Fire Trail
AURES TX - Austin,5129900809,DEPT: 6612 AU - Dansworth Dr
AURES TX - Austin,5129695060,DEPT: 6613 AU - 1407 Petunia Lane
AURES TX - Austin,5129695061,DEPT: 6613 AU - 1407 Petunia Lane
AURES TX - Austin,5129695062,DEPT: 6613 AU - 1407 Petunia Lane
AURES TX - Austin,5125205705,DEPT: 6614 AU - Kensington Castle Tr
AURES TX - Austin,5125183550,DEPT: 6615 AU - 19313 Polden Hills Way
AURES TX - Austin,5125183165,DEPT: 6616 AU - 2901 Fresh Spring Road
AURES TX - Austin,5122762088,DEPT: 9044 AU - G&A
AZRES  Arizona,5202573181,DEPT: 6704 TU-8387 N. Oracle
AZRES  Arizona,5203542957,DEPT: 6704 TU-8387 N. Oracle
AZRES  Arizona,5203963386,DEPT: 6706 TU-545 N Gene Dr.
AZRES  Arizona,5202323018,DEPT: 6716 TU-8297 East Magee Hill Loop
AZRES  Arizona,5202989563,DEPT: 6716 TU-8297 East Magee Hill Loop
AZRES  Arizona,5202079152,DEPT: 9046 TU-G-A
BERES  NJ Bergen,9738721793,DEPT: 1407 BP-79 Wendt
BERES  NJ Bergen,8623303240,DEPT: 1408 BP-Iron Forge
BERES  NJ Bergen,9738390907,DEPT: 1409 BP-111 Pompton Lakes
BERES  NJ Bergen,9732480245,DEPT: 1410 BP-18 Grove Place
BERES  NJ Bergen,9733890054,DEPT: 1415 BP-182 Grove Street
BERES  NJ Bergen,9736339162,DEPT: 1417 BP-709 Brittany Chase
BERES  NJ Bergen,9735955587,DEPT: 1422 BP-Lynn Eagen
BERES  NJ Bergen,9738327011,DEPT: 1422 BP-Lynn Eagen
BERES  NJ Bergen,9738351802,DEPT: 1428 BP-C-Pep 58 Basswood
BERES  NJ Bergen,9734272867,DEPT: 1430 BP-GH 1539 4 Penny Court
BERES  NJ Bergen,9738391591,DEPT: 1431 BP-1431 3320 Pompton Ave
BERES  NJ Bergen,9735951132,DEPT: 1432 BP-87 Morning Watch Road
BERES  NJ Bergen,9737200960,DEPT: 1432 BP-87 Morning Watch Road
BERES  NJ Bergen,9735951702,DEPT: 1433 BP-1003 Brittany Chase
BERES  NJ Bergen,9735955132,DEPT: 1433 BP-1003 Brittany Chase
BERES  NJ Bergen,2012522825,DEPT: 1434 BP-2154 Jordan Court
BERES  NJ Bergen,9738317390,DEPT: 1434 BP-615 Hamburg Tnpk
BERES  NJ Bergen,9738391379,DEPT: 1434 BP-615 Hamburg Tnpk
BERES  NJ Bergen,9738391408,DEPT: 1434 BP-615 Hamburg Tnpk
BERES  NJ Bergen,9738386800,DEPT: 1435 BP-18 Winfred Ct
BERES  NJ Bergen,9738386801,DEPT: 1435 BP-18 Winfred Ct
BERES  NJ Bergen,9736162864,DEPT: 1436 BP-221 Ringwood Ave
BERES  NJ Bergen,2012440201,DEPT: 1502 BP-186 Knickerbocker
BERES  NJ Bergen,2017960029,DEPT: 1509 BE-322 Cyril Ave
BERES  NJ Bergen,2017961010,DEPT: 1509 BE-322 Cyril Ave
BERES  NJ Bergen,2015291302,DEPT: 1517 BP-637 Franklin Ave
BERES  NJ Bergen,2018911350,DEPT: 1517 BP-637 Franklin Ave
BERES  NJ Bergen,2018831882,DEPT: 1518 BP-200 Zabriskie Place
BERES  NJ Bergen,2017738733,DEPT: 1519 BP-25 Linwood Ave
BERES  NJ Bergen,2019628428,DEPT: 1520 BP-Cresent Commons
BERES  NJ Bergen,9739284019,DEPT: 1521 BP-GH1938-12 Arthur St.
BERES  NJ Bergen,9738727115,DEPT: 3360 PB-Fairfield-ATC-COE
BERES  NJ Bergen,2017972460,DEPT: 3365 BE-Elmwood Park ATC
BERES  NJ Bergen,9734921742,DEPT: 3385 PB-Journeys 146 Main St
BERES  NJ Bergen,9734921745,DEPT: 3385 PB-Journeys 146 Main St
BERES  NJ Bergen,2018807507,DEPT: 3386 Dayprogram 23 N. Fairview
BERES  NJ Bergen,2018807508,DEPT: 3386 Dayprogram 23 N. Fairview
BERES  NJ Bergen,2017970692,DEPT: 9006 BP-G-A
BERES  NJ Bergen,2017970693,DEPT: 9006 BP-G-A
BERES  NJ Bergen,2017970694,DEPT: 9006 BP-G-A
BGRES  NJ - Burlington,8566420546,DEPT: 1251 BG-2905 Heatherstone
BGRES  NJ - Burlington,8567644871,DEPT: 1252 BG-106 Wildflower
BGRES  NJ - Burlington,8564617402,DEPT: 1253 BG-125 Foxglove
BGRES  NJ - Burlington,8567645164,DEPT: 1254 BG-124 Wildflower
BGRES  NJ - Burlington,6092652744,DEPT: 1255 BG-Whitehall
BGRES  NJ - Burlington,8567270047,DEPT: 1256 BG-6407 Normandy
BGRES  NJ - Burlington,8562731570,DEPT: 1257 BG-6607 Normandy
BGRES  NJ - Burlington,8567221648,DEPT: 1258 BG-6801 Normandy
BGRES  NJ - Burlington,8566427772,DEPT: 1259 BG-205A Harwood
BGRES  NJ - Burlington,6098776770,DEPT: 1260 BG-32 Tinker
BGRES  NJ - Burlington,8565960634,DEPT: 1261 BG-102 Grenbrook Marlton
BGRES  NJ - Burlington,8568100782,DEPT: 1262 BG-35 Hanover
BGRES  NJ - Burlington,8567641348,DEPT: 1263 BG-Chestnut-Delran
BGRES  NJ - Burlington,8562352999,DEPT: 1264 BG-50 Stratford Lane
BGRES  NJ - Burlington,8565965402,DEPT: 1265 BG-58 Longhurst Rd
BGRES  NJ - Burlington,8567787483,DEPT: 1268 BG-GH1901 - Limestone Way
BGRES  NJ - Burlington,8563960439,DEPT: 1273 BG-GH2301 151 Carlton Ave
BGRES  NJ - Burlington,6094991279,DEPT: 1274 BG-330 E. 4th St.
BGRES  NJ - Burlington,6098711797,DEPT: 1275 BG-11 Needwood Ln.
BGRES  NJ - Burlington,8569880869,DEPT: 1276 BG-83 North Locust Ave
BGRES  NJ - Burlington,8564466086,"DEPT: 1277 BG-38 Fourth St, Marlton"
BGRES  NJ - Burlington,6092653427,DEPT: 9002 BG-G-A
BGRES  NJ - Burlington,6092653825,DEPT: 9002 BG-G-A
BGRES  NJ - Burlington,6092653892,DEPT: 9002 BG-G-A
BGRES  NJ - Burlington,6092653921,DEPT: 9002 BG-G-A
BGRES  NJ - Burlington,6092657048,DEPT: 9002 BG-G-A
BGRES  NJ - Burlington,6092657749,DEPT: 9002 BG-G-A
BGRES  NJ - Burlington,6092659637,DEPT: 9002 BG-G-A
BNRES  KY Benton,2709062267,DEPT: 6185 BN-210 E. 18th St
BNRES  KY Benton,2709062324,DEPT: 6186 BN-514 E. 14th
BNRES  KY Benton,2709062286,DEPT: 6187 BN-1705 Sycamore
BNRES  KY Benton,2709062056,DEPT: 6188 BN-202 Merrywood Drive
BNRES  KY Benton,2705584064,DEPT: 6189 BN-3240 Harrison Road
BNRES  KY Benton,2704155662,DEPT: 6190 BN-543 Oaklawn Dr
BNRES  KY Benton,2705584892,DEPT: 6191 BN-2944 Nebraska St
BNRES  KY Benton,2702012402,DEPT: 6192 BN-118 Brunswick Circle
BNRES  KY Benton,2705345180,DEPT: 6193 BN-123 Milton Drive
BNRES  KY Benton,2708166867,DEPT: 6193 BN-123 Milton Drive
BNRES  KY Benton,2704155039,DEPT: 6194 BN-3763 Ramona Dr. Paducah
BNRES  KY Benton,2705577240,DEPT: 6195 BN-159 Rue Thierry
BNRES  KY Benton,2704449470,DEPT: 9011 BN-G-A
BNRES  KY Benton,2704449471,DEPT: 9011 BN-G-A
BNRES  KY Benton,2704449472,DEPT: 9011 BN-G-A
BNRES  KY Benton,2704449473,DEPT: 9011 BN-G-A
BPRES  NJ - Bergen NEW,9738721793,DEPT: 1407 BP-79 Wendt
BPRES  NJ - Bergen NEW,8623303240,DEPT: 1408 BP-Iron Forge
BPRES  NJ - Bergen NEW,9738390907,DEPT: 1409 BP-111 Pompton Lakes
BPRES  NJ - Bergen NEW,9732480245,DEPT: 1410 BP-18 Grove Place
BPRES  NJ - Bergen NEW,9733890054,DEPT: 1415 BP-182 Grove Street
BPRES  NJ - Bergen NEW,9736339162,DEPT: 1417 BP-709 Brittany Chase
BPRES  NJ - Bergen NEW,9735955587,DEPT: 1422 BP-Lynn Eagen
BPRES  NJ - Bergen NEW,9738327011,DEPT: 1422 BP-Lynn Eagen
BPRES  NJ - Bergen NEW,9738351802,DEPT: 1428 BP-C-Pep 58 Basswood
BPRES  NJ - Bergen NEW,9734272867,DEPT: 1430 BP-GH 1539 4 Penny Court
BPRES  NJ - Bergen NEW,9738391591,DEPT: 1431 BP-1431 3320 Pompton Ave
BPRES  NJ - Bergen NEW,9735951132,DEPT: 1432 BP-87 Morning Watch Road
BPRES  NJ - Bergen NEW,9737200960,DEPT: 1432 BP-87 Morning Watch Road
BPRES  NJ - Bergen NEW,9735951702,DEPT: 1433 BP-1003 Brittany Chase
BPRES  NJ - Bergen NEW,9735955132,DEPT: 1433 BP-1003 Brittany Chase
BPRES  NJ - Bergen NEW,2012522825,DEPT: 1434 BP-2154 Jordan Court
BPRES  NJ - Bergen NEW,9738391379,DEPT: 1434 BP-615 Hamburg Tnpk
BPRES  NJ - Bergen NEW,9738317390,DEPT: 1434 BP-615 Hamburg Tnpk
BPRES  NJ - Bergen NEW,9738391408,DEPT: 1434 BP-615 Hamburg Tnpk
BPRES  NJ - Bergen NEW,9738386800,DEPT: 1435 BP-18 Winfred Ct
BPRES  NJ - Bergen NEW,9738386801,DEPT: 1435 BP-18 Winfred Ct
BPRES  NJ - Bergen NEW,9736162864,DEPT: 1436 BP-221 Ringwood Ave
BPRES  NJ - Bergen NEW,2012440201,DEPT: 1502 BP-186 Knickerbocker
BPRES  NJ - Bergen NEW,2017960029,DEPT: 1509 BE-322 Cyril Ave
BPRES  NJ - Bergen NEW,2017961010,DEPT: 1509 BE-322 Cyril Ave
BPRES  NJ - Bergen NEW,2015291302,DEPT: 1517 BP-637 Franklin Ave
BPRES  NJ - Bergen NEW,2018911350,DEPT: 1517 BP-637 Franklin Ave
BPRES  NJ - Bergen NEW,2018831882,DEPT: 1518 BP-200 Zabriskie Place
BPRES  NJ - Bergen NEW,2017738733,DEPT: 1519 BP-25 Linwood Ave
BPRES  NJ - Bergen NEW,2019628428,DEPT: 1520 BP-Cresent Commons
BPRES  NJ - Bergen NEW,9739284019,DEPT: 1521 BP-GH1938-12 Arthur St.
BPRES  NJ - Bergen NEW,9738376629,DEPT: 1546 GH-20 Maple Lane
BPRES  NJ - Bergen NEW,2018807507,DEPT: 3386 Day Prog. 23 N Fairview Ave
BPRES  NJ - Bergen NEW,2018807508,DEPT: 3386 Day Prog. 23 N Fairview Ave
BPRES  NJ - Bergen NEW,2017970692,DEPT: 9006 BP-G-A
BPRES  NJ - Bergen NEW,2017970693,DEPT: 9006 BP-G-A
BPRES  NJ - Bergen NEW,2017970694,DEPT: 9006 BP-G-A
BRRES  NY Brooklyn,7188564131,DEPT: 3400 BR-Voc Prog
BRRES  NY Brooklyn,7189406028,DEPT: 3400 BR-Voc Prog
BRRES  NY Brooklyn,7189408348,DEPT: 3400 BR-Voc Prog
BRRES  NY Brooklyn,7189408377,DEPT: 3400 BR-Voc Prog
BRRES  NY Brooklyn,7189408600,DEPT: 3400 BR-Voc Prog
BRRES  NY Brooklyn,7189408624,DEPT: 3400 BR-Voc Prog
BRRES  NY Brooklyn,7189407878,DEPT: 3401 BR-Residential
BRRES  NY Brooklyn,7189408087,DEPT: 3401 BR-Residential
BRRES  NY Brooklyn,7189409696,DEPT: 3401 BR-Residential
BRRES  NY Brooklyn,9179668471,DEPT: 3401 BR-Residential
BRRES  NY Brooklyn,9292343283,DEPT: 3401 BR-Residential
BRRES  NY Brooklyn,7184430343,DEPT: 3403 BR-IRA-Van Buren
BRRES  NY Brooklyn,7189400343,DEPT: 3403 BR-IRA-Van Buren
BRRES  NY Brooklyn,7189400107,DEPT: 3404 BR-IRA 2D Woodruff
BRRES  NY Brooklyn,3475412742,DEPT: 3405 BR-OPWDD Supported Employment
BRRES  NY Brooklyn,3478026366,DEPT: 3408 BR-OPWDD-ACCESS Unified
BRRES  NY Brooklyn,3142021909,DEPT: 3409 BR-OPWDD Emp Program
BRRES  NY Brooklyn,3476335904,DEPT: 3409 BR-OPWDD Emp Program
BRRES  NY Brooklyn,6466762520,DEPT: 3409 BR-OPWDD Emp Program
BRRES  NY Brooklyn,6468520716,DEPT: 3409 BR-OPWDD Emp Program
BRRES  NY Brooklyn,6468807272,DEPT: 3409 BR-OPWDD Emp Program
BRRES  NY Brooklyn,9293371789,DEPT: 3412 QU-1 PRSN SUPP IRA - 60TH ST
BRRES  NY Brooklyn,7189400129,DEPT: 3414 BR-IRA Woodruff apt 6E
BRRES  NY Brooklyn,3474065764,DEPT: 3418 BR-55 Crescent St-IRA
BRRES  NY Brooklyn,6464761013,DEPT: 3475 NY-Day Hab Without Walls
BRRES  NY Brooklyn,6465594245,DEPT: 3475 NY-Day Hab Without Walls
BRRES  NY Brooklyn,7183674710,DEPT: 3475 NY-Day Hab Without Walls
BRRES  NY Brooklyn,3478822484,CO Cell: Sophiar Redd (DEPT: 3401 ST-Employment Specialist)
BTRES  PA - Butler,7244730988,DEPT: 4856 BT-213 N. Charles St.
BTRES  PA - Butler,7244730989,DEPT: 4856 BT-213 N. Charles St.
BTRES  PA - Butler,7242569345,DEPT: 4857 BT-115 Ietto Dr
BTRES  PA - Butler,7242569346,DEPT: 4857 BT-115 Ietto Dr
BTRES  PA - Butler,7242569286,DEPT: 4858 BT-147 LaRay Rd
BTRES  PA - Butler,7242569287,DEPT: 4858 BT-147 LaRay Rd
BTRES  PA - Butler,7245535226,DEPT: 4859 BT-306 Devonshire Ct
BTRES  PA - Butler,7245535694,DEPT: 4859 BT-306 Devonshire Ct
BTRES  PA - Butler,7244826060,DEPT: 4860 BT-350 Sawmill Run
BTRES  PA - Butler,7244826063,DEPT: 4860 BT-350 Sawmill Run
BTRES  PA - Butler,7242568740,DEPT: 4864 BT- 206 Beechwood Blvd
BTRES  PA - Butler,7244730428,DEPT: 4861 BT-1404 Route 588
BTRES  PA - Butler,7242568935,DEPT: 4862 BT-206 Cherokee Dr.
BTRES  PA - Butler,7242565185,DEPT: 4863 BT - 234 Wallula Ave
BTRES  PA - Butler,7242568783,DEPT: 4864 BT- 206 Beechwood Blvd
BTRES  PA - Butler,7242568288,DEPT: 9051 BT-Butler County
BTRES  PA - Butler,7246138133,DEPT: 9051 BT-Butler County
BURES  PA - Bucks County,2157523729,DEPT: 3776 BU-Sup Employment
BURES  PA - Bucks County,2673585651,DEPT: 3776 BU-Sup Employment
BURES  PA - Bucks County,2673585658,DEPT: 3776 BU-Sup Employment
BURES  PA - Bucks County,2673435618,DEPT: 3789 BU-Charteris Rd.
BURES  PA - Bucks County,2154949516,DEPT: 3790 BU-435 Temple Rd.
BURES  PA - Bucks County,2676846496,DEPT: 3790 BU-435 Temple Rd.
BURES  PA - Bucks County,2676863698,DEPT: 3791 BU-E. Keswick Rd.
BURES  PA - Bucks County,2156136180,DEPT: 3792 BU-Fairdale Rd.
BURES  PA - Bucks County,2679825931,DEPT: 3793 BU-Shady Brook
BURES  PA - Bucks County,2152952999,DEPT: 3794 BU-Hill Ave
BURES  PA - Bucks County,2673925230,DEPT: 3795 BU-Bowling Green Ave
BURES  PA - Bucks County,2154478960,DEPT: 3796 BU-Simons Ave
BURES  PA - Bucks County,2673886619,DEPT: 3797 BU-Belgreen Rd.
BURES  PA - Bucks County,2673448470,DEPT: 3798 BU-Angus Rd.
BURES  PA - Bucks County,2154867601,DEPT: 3799 BU-354 Thornridge Dr.
BURES  PA - Bucks County,2153974728,DEPT: 3800 BU-3901 Conshohoken Ave
BURES  PA - Bucks County,2675605558,DEPT: 3802 BU-4519 Belmont Ave
BURES  PA - Bucks County,2675605938,DEPT: 3802 BU-4519 Belmont Ave
BURES  PA - Bucks County,2673885249,DEPT: 3803 BU-10825 E. Keswick Rd. Apt. 2
BURES  PA - Bucks County,2672885476,DEPT: 3804 BU-525 Allens Lane 1st Floor
BURES  PA - Bucks County,2673925701,DEPT: 3805 BU-1755 Dobry Rd.
BURES  PA - Bucks County,2156504934,DEPT: 3806 BU-2900 Knights Rd. Apt. F23
BURES  PA - Bucks County,2677975230,"DEPT: 3807 BU-1704 Make Field Rd, Yardley"
BURES  PA - Bucks County,6105814909,DEPT: 4110 LH-460 Lisa Court - Allentown
BURES  PA - Bucks County,6108414909,DEPT: 4110 LH-460 Lisa Court - Allentown
BURES  PA - Bucks County,6108413884,DEPT: 4111 LH-3936 W. Turner St - Allento
BURES  PA - Bucks County,6108413530,DEPT: 4112 LH-815 S Edward Allentown
BURES  PA - Bucks County,6108413773,DEPT: 4112 LH-815 S Edward Allentown
BURES  PA - Bucks County,4846615134,DEPT: 4113 LH-3328 Cambridge Circle
BURES  PA - Bucks County,6108413711,DEPT: 4114 LH-1105 Catasaugua Ave
BURES  PA - Bucks County,6108413825,DEPT: 4114 LH-1105 Catasaugua Ave
BURES  PA - Bucks County,6104031101,DEPT: 4115 LH-1228 California Ave - White
BURES  PA - Bucks County,6108414481,DEPT: 4116 LH-2425 S. Howard St - Allento
BURES  PA - Bucks County,6108413033,DEPT: 4117 LH-1607 31st Street - Allentow
BURES  PA - Bucks County,6106258950,DEPT: 4119 LH-2246 Easton Ave - Bethlehem
BURES  PA - Bucks County,6108410508,DEPT: 4121 LH-W Tyler Whitehall
BURES  PA - Bucks County,6108412647,DEPT: 4122 LH-3723 Dogwood Dr
BURES  PA - Bucks County,6108411829,DEPT: 4123 LH-1979 Linden Lane
BURES  PA - Bucks County,4842746952,DEPT: 4127 LH-3017 Dogwood Circle
BURES  PA - Bucks County,4843503890,DEPT: 4127 LH-3017 Dogwood Circle
BURES  PA - Bucks County,6104065166,DEPT: 4129 LH-171 Thomas Place
BURES  PA - Bucks County,6108411841,DEPT: 4130 LH-103 Lone Lane
BURES  PA - Bucks County,6108412186,DEPT: 4130 LH-103 Lone Lane
BURES  PA - Bucks County,6108415998,DEPT: 4130 LH-103 Lone Lane
BURES  PA - Bucks County,6108411703,DEPT: 4131 LH-920 W. Highland St.- Whitha
BURES  PA - Bucks County,6108419174,DEPT: 4131 LH-920 W. Highland St.- Whitha
BURES  PA - Bucks County,6108418406,DEPT: 4132 LH-1240 Acorn Circle
BURES  PA - Bucks County,6108419815,DEPT: 4133 LH-1113 West Highland St.
BURES  PA - Bucks County,4845506063,DEPT: 4135 LH-3929 Mechanicsville Rd.
BURES  PA - Bucks County,4847476009,DEPT: 4136 LH-1618 Callone Ave
BURES  PA - Bucks County,4842218806,DEPT: 9015 LH-G-A
BURES  PA - Bucks County,6103510213,DEPT: 9015 LH-G-A
BURES  PA - Bucks County,6103515999,DEPT: 9015 LH-G-A
BWRES  KY - Bowling Green,2709046012,DEPT: 6159 BW-709 Sagittarius Ave
BWRES  KY - Bowling Green,2704951234,DEPT: 6161 BW-1275 Spring Valley Dr
BWRES  KY - Bowling Green,2709045627,DEPT: 6162 BW-609 Fairdale Ave
BWRES  KY - Bowling Green,2709041511,DEPT: 6163 BW-244 Heritage Ave
BWRES  KY - Bowling Green,2709046032,DEPT: 6164 BW-1919 Plum Springs Rd
BWRES  KY - Bowling Green,2707809330,DEPT: 9036 BW-G-A
BWRES  KY - Bowling Green,2707962058,DEPT: 9036 BW-G-A
BWRES  KY - Bowling Green,2707962983,DEPT: 9036 BW-G-A
BWRES  KY - Bowling Green,2707968474,DEPT: 9036 BW-G-A
CARES  KY -California,8594480827,DEPT: 9054 AX-Alexandria
CCRES  TX -CorpusChristi,3612449679,DEPT: 6503 CC-Corpus Christi Day Hab
CCRES  TX -CorpusChristi,3618088600,DEPT: 6504 CC-MCC-NU
CCRES  TX -CorpusChristi,3613344057,DEPT: 6510 CC-4430 Bonner Dr.
CCRES  TX -CorpusChristi,3613347226,DEPT: 6510 CC-4430 Bonner Dr.
CCRES  TX -CorpusChristi,3613341153,DEPT: 6511 CC-5201 Fullwell Drive
CCRES  TX -CorpusChristi,3613343628,DEPT: 6511 CC-5201 Fullwell Drive
CCRES  TX -CorpusChristi,3613341591,DEPT: 6512 CC-7938 Fox Drive
CCRES  TX -CorpusChristi,3614528240,DEPT: 6512 CC-7938 Fox Drive
CCRES  TX -CorpusChristi,3613343299,DEPT: 6513 CC-2613 Reveille Dr
CCRES  TX -CorpusChristi,3614528653,DEPT: 6514 CC-5305 Surrey Lane
CCRES  TX -CorpusChristi,3614526500,DEPT: 6515 CC-5801 Everhart Rd.
CCRES  TX -CorpusChristi,3615004562,DEPT: 6516 CC-6350 St. Andrews
CCRES  TX -CorpusChristi,3614422255,DEPT: 6517 CC 2509 Dogtooth Court
CERES COE,6097519580,DEPT: 1525 ME -Option Quest-COE
CERES COE,9739710082,DEPT: 7020 ME-DPI Morristown COE
CERES COE,9733556990,DEPT: 7021 ME-Wayne DPI 41 William St.
CERES COE,9739278500,DEPT: 7055 NJ-Mt. Olive COE (Presents of Mind)
CERES COE,2013964903,DEPT: 7061 PS-SUP EMP-Northern
CERES COE,2013968130,DEPT: 7061 PS-SUP EMP-Northern
CERES COE,8622178997,DEPT: 7061 PS-SUP EMP-Northern
CERES COE,8623092590,DEPT: 7061 PS-SUP EMP-Northern
CERES COE,9732701061,DEPT: 7061 PS-SUP EMP-Northern
CERES COE,9737141390,DEPT: 7061 PS-SUP EMP-Northern
CERES COE,9737257850,DEPT: 7061 PS-SUP EMP-Northern
CERES COE,9738916405,DEPT: 7061 PS-SUP EMP-Northern
CERES COE,9083811208,DEPT: 7061 PS-SUP EMP-Northern
CERES COE,6092355449,DEPT: 7062 ME-SUP EMP-Central
CERES COE,6094805147,DEPT: 7062 ME-SUP EMP-Central
CERES COE,6094808327,DEPT: 7062 ME-SUP EMP-Central
CERES COE,6096133658,DEPT: 7062 ME-SUP EMP-Central
CERES COE,6096137337,DEPT: 7062 ME-SUP EMP-Central
CERES COE,6094805161,DEPT: 7063 BG-SUP EMP-Lower Cent-South
CERES COE,7323369388,DEPT: 7063 BG-SUP EMP-Lower Cent-South
CERES COE,8566309529,DEPT: 7063 BG-SUP EMP-Lower Cent-South
CERES COE,6092035629,DEPT: 7070 NJ-COE Real Life Choices
CERES COE,6093569901,DEPT: 7070 NJ-COE Real Life Choices (Cell: David Procaccion)
CERES COE,8485651069,DEPT: 7070 NJ-COE Real Life Choices
CERES COE,2012074721,DEPT: 7086 NJ-STEP COE
CERES COE,2013963281,DEPT: 7086 NJ-STEP COE
CERES COE,6092182030,DEPT: 7086 NJ-STEP COE
CERES COE,6097519701,DEPT: 7086 NJ-STEP COE
CERES COE,6097519800,DEPT: 7092 ME- 305 Witherspoon Street
CHRES  TNChattanooga,4238675759,DEPT: 6221 TN-Elgin
CHRES  TNChattanooga,6153610838,DEPT: 6221 TN-Elgin
CHRES  TNChattanooga,6153609033,DEPT: 6228 TN-Nikki Patarakis
CHRES  TNChattanooga,6157171428,DEPT: 6228 TN-Nikki Patarakis
CHRES  TNChattanooga,4238766500,DEPT: 6260 CH-7310 Standifer Gap Rd
CHRES  TNChattanooga,4238771995,DEPT: 6260 CH-7310 Standifer Gap Rd
CHRES  TNChattanooga,4237025954,DEPT: 6261 CH-4605 Jersey Pike
CHRES  TNChattanooga,4237563620,DEPT: 6261 CH-4605 Jersey Pike
CHRES  TNChattanooga,4236688646,DEPT: 6262 CH-Bryan
CHRES  TNChattanooga,4237108398,DEPT: 6262 CH-Bryan
CHRES  TNChattanooga,4238708874,DEPT: 6262 CH-Bryan
CHRES  TNChattanooga,4234975864,"DEPT: 6263 HC-7255 Lee Hwy, Apt 607"
CHRES  TNChattanooga,4233391675,DEPT: 6264 CH-Jeffrey
CHRES  TNChattanooga,4235536666,DEPT: 6265 CH-Sup Living A Woods
CHRES  TNChattanooga,4235536683,DEPT: 6265 CH-Sup Living A Woods
CHRES  TNChattanooga,4238923223,DEPT: 6265 CH-Sup Living A Woods
CHRES  TNChattanooga,4233050900,DEPT: 6266 CH-Candice W. - Jessica D.
CHRES  TNChattanooga,4234683244,DEPT: 6266 CH-Candice W. - Jessica D.
CHRES  TNChattanooga,4238942994,DEPT: 6266 CH-Candice W. - Jessica D.
CHRES  TNChattanooga,4235515130,DEPT: 6267 CH-Kelvin Newton
CHRES  TNChattanooga,4235515151,DEPT: 6267 CH-Kelvin Newton
CHRES  TNChattanooga,4237108886,DEPT: 6267 CH-Kelvin Newton
CHRES  TNChattanooga,4238993859,DEPT: 6267 CH-Kelvin Newton
CHRES  TNChattanooga,4234858878,DEPT: 6268 CH-Billy Ray Lively
CHRES  TNChattanooga,4233444467,DEPT: 6269 CH-Jane Cross
CHRES  TNChattanooga,4232969933,DEPT: 6271 CH-Robert
CHRES  TNChattanooga,4238922327,DEPT: 6272 CH-Jessica Roberta Melissa
CHRES  TNChattanooga,4232065634,DEPT: 6275 CH-Soddy Daisy
CHRES  TNChattanooga,4238920022,DEPT: 9028 CH-G-A
CHRES  TNChattanooga,4238920351,DEPT: 9028 CH-G-A
CHRES  TNChattanooga,4238921359,DEPT: 9028 CH-G-A
CHRES  TNChattanooga,4238927910,DEPT: 9028 CH-G-A
CKRES  TN - Cookville,9315263283,DEPT: 6276 CK 6276 - 189 First Avenue - A
CKRES  TN - Cookville,9315282499,DEPT: 6276 CK 6276 - 189 First Avenue - A
CKRES  TN - Cookville,9315373523,DEPT: 6276 CK 6276 - 189 First Avenue - A
CKRES  TN - Cookville,9315373851,DEPT: 6276 CK 6276 - 189 First Avenue - A
CKRES  TN - Cookville,9316511808,DEPT: 6276 CK 6276 - 189 First Avenue - A
CKRES  TN - Cookville,9316511875,DEPT: 6277 CK
CKRES  TN - Cookville,9316511217,DEPT: 6278 CK-607 A-N. Chestnut St.
CKRES  TN - Cookville,9315262534,DEPT: 6279 CK-Dustin-David
CKRES  TN - Cookville,9315264593,DEPT: 6279 CK-Dustin-David
CKRES  TN - Cookville,9318541745,DEPT: 6279 CK-Dustin-David
CKRES  TN - Cookville,9315072077,DEPT: 6280 CK-144 Woodland Dr.
CKRES  TN - Cookville,9315372632,DEPT: 6281 CK-Janice-Lisa
CKRES  TN - Cookville,9316511490,DEPT: 6281 CK-Janice-Lisa
CKRES  TN - Cookville,9315281611,DEPT: 6283 CK-869 Fairgroud Street
CKRES  TN - Cookville,9315372182,DEPT: 6283 CK-869 Fairgroud Street
CKRES  TN - Cookville,9316512073,DEPT: 6283 CK-869 Fairgroud Street
CKRES  TN - Cookville,9313721327,DEPT: 6284 CK-Randy-Dwight
CKRES  TN - Cookville,9315281757,DEPT: 6284 CK-Randy-Dwight
CKRES  TN - Cookville,9315373268,DEPT: 6284 CK-Randy-Dwight
CKRES  TN - Cookville,9315379653,DEPT: 6284 CK-Randy-Dwight
CKRES  TN - Cookville,9318541635,DEPT: 6284 CK-Randy-Dwight
CKRES  TN - Cookville,9315263287,DEPT: 6285 CK 6285 - 137 Cedar Street
CKRES  TN - Cookville,9316511818,DEPT: 6285 CK 6285 - 137 Cedar Street
CKRES  TN - Cookville,9316511051,DEPT: 6286 CK-Tina Amanda Fran
CKRES  TN - Cookville,9315201785,DEPT: 6287 CK-Dusty-Debra
CKRES  TN - Cookville,9315376811,DEPT: 6288 CK-285 E Main C6
CKRES  TN - Cookville,9315379316,DEPT: 6288 CK-285 E Main C6
CKRES  TN - Cookville,6157353353,DEPT: 6291 CK-Cookeville Per Asst
CKRES  TN - Cookville,9315376992,DEPT: 6291 CK-Cookeville Per Asst
CKRES  TN - Cookville,9316572222,DEPT: 6291 CK-Cookeville Per Asst
CKRES  TN - Cookville,9313191599,DEPT: 6291 CK-Cookeville Per Asst
CKRES  TN - Cookville,9316511660,DEPT: 6292 CK-120 Bilbres St
CKRES  TN - Cookville,9318540838,DEPT: 6292 CK-120 Bilbres St
CKRES  TN - Cookville,9313419347,DEPT: 6293 CK-3521 Bunker Hill Rd.
CKRES  TN - Cookville,9315379686,DEPT: 6294 CK-735A Kinniard Rd.
CKRES  TN - Cookville,9318540260,DEPT: 6295 CK-4920 Penthouse Rd.
CKRES  TN - Cookville,9318541912,DEPT: 6295 CK-4920 Penthouse Rd.
CKRES  TN - Cookville,6157747652,DEPT: 6295 CK-4920 Penthouse Rd.
CKRES  TN - Cookville,9316512289,DEPT: 6296 1776 B Quiland Lake Road CK
CKRES  TN - Cookville,9313720952,DEPT: 9029 CK-G-A
CKRES  TN - Cookville,9313720955,DEPT: 9029 CK-G-A
CKRES  TN - Cookville,9315266677,DEPT: 9029 CK-G-A
CKRES  TN - Cookville,8653353384,Personal Cell: Geraldine Lee
CORES  PA -ColumbiaCounty,5702752000,DEPT: 3905 CO-75 Litterer Rd.
CORES  PA -ColumbiaCounty,5707843640,DEPT: 3906 CO-3338 Old Berwick Rd.
CORES  PA -ColumbiaCounty,5705204088,DEPT: 3907 CO-164 Red Brick Church Rd.
CORES  PA -ColumbiaCounty,5705204095,DEPT: 3907 CO-164 Red Brick Church Rd.
CORES  PA -ColumbiaCounty,5707597000,DEPT: 3908 CO- 107 Maplewood Rd.
CORES  PA -ColumbiaCounty,5702844278,DEPT: 3909 CO-17 Ivy Lane
CORES  PA -ColumbiaCounty,5703160331,DEPT: 3910: CO-928 Ext. East 8th St
CORES  PA -ColumbiaCounty,5706663319,DEPT: 3912:CO-1229 Sherman St.
CORES  PA -ColumbiaCounty,5706663383,DEPT: 3913:CO-2331 Linn St.
CORES  PA -ColumbiaCounty,5706663369,DEPT: 3914:CO-440 Woodland Ave.
CORES  PA -ColumbiaCounty,5706663394,DEPT: 3915:CO-1648 Marling Parkway
CORES  PA -ColumbiaCounty,5703878100,DEPT: 9052 CO-Columbia County
CPRES PA - Camp Hill,7177791612,DEPT 3825: CP-1104 Fernwood Ave / DEPT 9054: CP - G&A
CPRES PA - Camp Hill,7175257649,DEPT 3830: CP- 3402 Ridgeway Rd.
CPRES PA - Camp Hill,7178367044,DEPT 3831: CP-3505 Ridgeway Rd.
CPRES PA - Camp Hill,7176952403,DEPT 3832: CP- 3412 Ridgeway Rd.
CPRES PA - Camp Hill,7178889297,DEPT 3833: CP- 4 Oakwood Ct.
CPRES PA - Camp Hill,7174585489,DEPT 3834: CP- 41 Ashburg Dr. Suite 12
CPRES PA - Camp Hill,7178577119,DEPT 3835: CP- 8 Hartzdale Dr.
CPRES PA - Camp Hill,7176208092,DEPT 3836: CP - 3 York Circle
CPRES PA - Camp Hill,7177018103,DEPT 3837: CP - 25 Circle Dr.
CPRES PA - Camp Hill,7177902993,DEPT 3838: CP - 5207 Windsor Blvd.
CPRES PA - Camp Hill,2722074862,TEMP ZOOM NUMBER FOR MAIN OFFICE
CRRES  SCCharleston,8438792036,DEPT: 6376 CR-Town Woods Trace
CRRES  SCCharleston,8437712036,DEPT: 6377 CR-Waylon Drive
CRRES  SCCharleston,8437713395,DEPT: 6377 CR-Waylon Drive
CRRES  SCCharleston,8432859189,DEPT: 6378 CR-123 Expressway Drive
CRRES  SCCharleston,8432859373,DEPT: 6379 CR-110 Hartley Hall
CRRES  SCCharleston,8437719023,DEPT: 6380 CR-101 Sweetbriar Rd. -Sommerv
CRRES  SCCharleston,8437713927,DEPT: 6381 CR-212 Southport Fr.
CRRES  SCCharleston,8438793205,DEPT: 6382 CR-116 Pointer Dr.
CRRES  SCCharleston,8439008429,DEPT: 6383 6383
CRRES  SCCharleston,8432020474,DEPT: 6384 CR-137 Thistle Rd.
CRRES  SCCharleston,8438793270,DEPT: 9045 CR-G-A
CTRES Connecticut,8605851655,DEPT: 3551 CT-Comm Liv Arrang
CTRES Connecticut,8604048824,DEPT: 3556 CT-Sup Liv Arrang
CTRES Connecticut,8605856646,DEPT: 3557 CT-SLA
CTRES Connecticut,8606650653,DEPT: 3557 CT-SLA
CTRES Connecticut,8608271264,DEPT: 3557 CT-SLA
CTRES Connecticut,8602846803,DEPT: 3558 CT-Nancy Turk-SLA
CTRES Connecticut,8608328297,DEPT: 3558 CT-Nancy Turk-SLA
CTRES Connecticut,8608328943,DEPT: 3558 CT-Nancy Turk-SLA
CTRES Connecticut,8602846896,DEPT: 3559 CT-8 N. Fairfield
CTRES Connecticut,8603480588,DEPT: 3559 CT-8 N. Fairfield
CTRES Connecticut,8607838848,DEPT: 3559 CT-8 N. Fairfield
CTRES Connecticut,8605233115,DEPT: 3560 CT-Day Services Program
CTRES Connecticut,8605836447,DEPT: 3560 CT-Day Services Program
CTRES Connecticut,8606471280,DEPT: 3560 CT-Day Services Program
CTRES Connecticut,8606881969,DEPT: 3560 CT-Day Services Program
CTRES Connecticut,8607936078,DEPT: 3560 CT-Day Services Program
CTRES Connecticut,2034399007,DEPT: 3571 CT-CRS-Elmwood Drive-West Regi
CTRES Connecticut,8605058372,DEPT: 9034 CT-G-A
CTRES Connecticut,8606784417,DEPT: 9034 CT-G-A
CURES NJ-CumberlandCounty,8563274904,DEPT: 1551 CU-Val Lane
CURES NJ-CumberlandCounty,8567655349,DEPT: 1551 CU-Val Lane
CURES NJ-CumberlandCounty,8567655979,DEPT: 1551 CU-Val Lane
CURES NJ-CumberlandCounty,8563275400,DEPT: 1552 CU-Wedgewood
CURES NJ-CumberlandCounty,8563275411,DEPT: 1552 CU-Wedgewood
CURES NJ-CumberlandCounty,8563752659,DEPT: 1553 CU-1328 Bunker Hill
CURES NJ-CumberlandCounty,8562162358,DEPT: 1554 CU-1673 Lark Lane
CURES NJ-CumberlandCounty,6094040578,DEPT: 1555 CU-711 Osprey Ct
CURES NJ-CumberlandCounty,6093830600,DEPT: 1556 CU-1002 Falcon Drive
CURES NJ-CumberlandCounty,6098676543,DEPT: 1556 CU-1002 Falcon Drive
CURES NJ-CumberlandCounty,8565991235,DEPT: 1561 CU-GH2331 78 Myrtle Ave
CURES NJ-CumberlandCounty,8565991973,DEPT: 1561 CU-GH2331 78 Myrtle Ave
CURES NJ-CumberlandCounty,8563021836,DEPT: 1562 CU-1830 Ivanhoe Ave
CURES NJ-CumberlandCounty,8563025454,DEPT: 1562 CU-1830 Ivanhoe Ave
CURES NJ-CumberlandCounty,8562592534,"DEPT: 1563 CU-506 Chews Landing Road, Sicker"
CURES NJ-CumberlandCounty,8562857155,DEPT: 9008 CU-G-A
DARES  TX -Dallas,9726709626,DEPT: 6480 DA-CMM Nursing
DARES  TX -Dallas,2145756277,DEPT: 6485 DA-Panther Ridge
DARES  TX -Dallas,9726895434,DEPT: 6485 DA-Panther Ridge
DARES  TX -Dallas,9723950974,DEPT: 6486 DA-Fairfield
DARES  TX -Dallas,9725622183,DEPT: 6487 DA-Summercrest
DARES  TX -Dallas,9723163058,DEPT: 6488 DA-Teakwood
DARES  TX -Dallas,9724960425,DEPT: 6489 DA-Glouchester
DARES  TX -Dallas,2145139673,DEPT: 6490 DA-Quail Circle
DARES  TX -Dallas,2145139958,DEPT: 6490 DA-Quail Circle
DARES  TX -Dallas,4692983280,DEPT: 6491 DA-Candlewood Lane
DARES  TX -Dallas,4698926720,DEPT: 6492 DA-Jeanette Way
DARES  TX -Dallas,9728031449,DEPT: 6493 DA-9452 Whitehurst Dr.
DARES  TX -Dallas,9728099330,DEPT: 6498 DA-6498 Supp Emp
DARES  TX -Dallas,2145033979,DEPT: 9030 DA-G-A
DARES  TX -Dallas,2145036372,DEPT: 9030 DA-G-A
DARES  TX -Dallas,2145036869,DEPT: 9030 DA-G-A
DARES  TX -Dallas,2145037718,DEPT: 9030 DA-G-A
DARES  TX -Dallas,9725033897,DEPT: 9030 DA-G-A
DARES  TX -Dallas,9725033898,DEPT: 9030 DA-G-A
DARES  TX -Dallas,9725033901,DEPT: 9030 DA-G-A
DARES  TX -Dallas,9725033902,DEPT: 9030 DA-G-A
DARES  TX -Dallas,9725033904,DEPT: 9030 DA-G-A
DARES  TX -Dallas,9725034001,DEPT: 9030 DA-G-A
DARES  TX -Dallas,9725035540,DEPT: 9030 DA-G-A
DARES  TX -Dallas,9725035549,DEPT: 9030 DA-G-A
ELRES  TX Elpaso,9153288808,DEPT: 6455 EL-SHL
ELRES  TX Elpaso,9156946189,DEPT: 6455 EL-SHL
ELRES  TX Elpaso,9152696546,DEPT: 6457 EL Tx Home Living
ELRES  TX Elpaso,9153520004,DEPT: 6457 EL Tx Home Living
ELRES  TX Elpaso,9158432720,DEPT: 6458 EL-Job Trng - Plcmt DARS
ELRES  TX Elpaso,9152709583,DEPT: 6460 EL-Ratner
ELRES  TX Elpaso,9155992974,DEPT: 6460 EL-Ratner
ELRES  TX Elpaso,9153035615,DEPT: 6461 EL-Ivanhoe
ELRES  TX Elpaso,9156339647,DEPT: 6461 EL-Ivanhoe
ELRES  TX Elpaso,9152342044,DEPT: 6462 EL-Stanton
ELRES  TX Elpaso,9152345422,DEPT: 6462 EL-Stanton
ELRES  TX Elpaso,9155439990,DEPT: 6462 EL-Stanton
ELRES  TX Elpaso,9152709413,DEPT: 6463 EL-Fir Street
ELRES  TX Elpaso,9155910409,DEPT: 6463 EL-Fir Street
ELRES  TX Elpaso,9157788393,DEPT: 6463 EL-Fir Street
ELRES  TX Elpaso,9157511015,DEPT: 6464 EL-Cross St
ELRES  TX Elpaso,9157517787,DEPT: 6465 EL-9873 Vandenburg St.
ELRES  TX Elpaso,9153035452,DEPT: 6466 EL-12429 Tierra Espada Dr
ELRES  TX Elpaso,9159210213,DEPT: 6466 EL-12429 Tierra Espada Dr
ELRES  TX Elpaso,9158491722,DEPT: 6467 EL-12533 Sun Spirit Dr
ELRES  TX Elpaso,9157577909,DEPT: 6468 EL-10033 Paloma Dr.
ELRES  TX Elpaso,9157716755,DEPT: 9031 EL-G-A
ELRES  TX Elpaso,9157717764,DEPT: 9031 EL-G-A
ELRES  TX Elpaso,9157718018,DEPT: 9031 EL-G-A
ELRES  TX Elpaso,9157718059,DEPT: 9031 EL-G-A
ELRES  TX Elpaso,9157718073,DEPT: 9031 EL-G-A
ELRES  TX Elpaso,9157718074,DEPT: 9031 EL-G-A
ELRES  TX Elpaso,9157719220,DEPT: 9031 EL-G-A
ELRES  TX Elpaso,9157719255,DEPT: 9031 EL-G-A
ELRES  TX Elpaso,9158432512,DEPT: 9031 EL-G-A
FRRES  MD - Frederick,2408155262,DEPT: 6876 FR- Vocational Rehab- FR
FRRES  MD - Frederick,2408777458,DEPT: 6877 FR-Day Hab Program
FRRES  MD - Frederick,2408777463,DEPT: 6877 FR-Day Hab Program
FRRES  MD - Frederick,2405784169,DEPT: 6880 FR-586 Over Ridge Dr.
FRRES  MD - Frederick,3013782476,DEPT: 6880 FR-586 Over Ridge Dr.
FRRES  MD - Frederick,3015087489,DEPT: 6881 FR-3465 Bretheren Church Rd.
FRRES  MD - Frederick,3015087737,DEPT: 6881 FR-3465 Bretheren Church Rd.
FRRES  MD - Frederick,2405136022,DEPT: 6882 FR-13208 Fountain Head Rd.
FRRES  MD - Frederick,2405136023,DEPT: 6881 FR-3465 Bretheren Church Rd.
FRRES  MD - Frederick,2404907871,DEPT: 6883 FR-7003 Rock Creek Dr.
FRRES  MD - Frederick,2404907896,DEPT: 6881 FR-3465 Bretheren Church Rd.
FRRES  MD - Frederick,2404907905,DEPT: 6881 FR-3465 Bretheren Church Rd.
FRRES  MD - Frederick,2408156586,DEPT: 9053 Frederick
GBRES  MD - Baltimore,4435420212,DEPT: 6851 GB-Day Hab
GBRES  MD - Baltimore,4107820044,DEPT: 6853 GB-Supported Employment
GBRES  MD - Baltimore,4435455145,DEPT: 6855 GB-11505 Crows Nest Rd.
GBRES  MD - Baltimore,4109885359,DEPT: 6856 GB-4939 Montgomery Rd.
GBRES  MD - Baltimore,4104654895,DEPT: 6856 GB-4939 Montgomery Rd.
GPRES  Phoenix,4802021531,DEPT: 6733 GP-Voc Rehab-Sup Emp
GPRES  Phoenix,4806763975,DEPT: 6740 GP-Day Habillitation- Greater
GPRES  Phoenix,4809353003,DEPT: 6741 GP-1929 E. Pegasus Dr.
GPRES  Phoenix,6026014993,DEPT: 6742 GP-3717 E. Mercer Lane
GPRES  Phoenix,4806341481,DEPT: 6743 GP-9761 S. Darrow Dr.
GPRES  Phoenix,6028756131,DEPT: 6744 GP-221 East Keogh Dr
GPRES  Phoenix,4806990991,DEPT: 6745 GP-4044 E. San Gabriel Ave
GPRES  Phoenix,4806996991,DEPT: 6745 GP-4044 E. San Gabriel Ave
GPRES  Phoenix,7028886191,DEPT: 6746 GP-In Home Habilitation
GPRES  Phoenix,4804106909,DEPT: 6747 GP -1253 E. Pebble Beach Drive
GPRES  Phoenix,4802437161,DEPT: 6748: GP-113 S. Sahuaro
GPRES  Phoenix,4806590984,DEPT: 9057 GP- Greater Phoenix AZ
GRRES  SC - Greenville,8645091312,DEPT: 6351 GR-113 Redcoat Court
GRRES  SC - Greenville,8647571029,DEPT: 6352 GR-Chantilly Rue
GRRES  SC - Greenville,8642033048,DEPT: 6353 GR-153 Perigon Court
GRRES  SC - Greenville,8645521041,DEPT: 6353 GR-153 Perigon Court
GRRES  SC - Greenville,8643279305,DEPT: 6354 GR-3433 Friar Tuck Rd.
GRRES  SC - Greenville,8645417684,DEPT: 6355 GR-212 Stone Oak Ct.
GRRES  SC - Greenville,8645418938,DEPT: 6355 GR-212 Stone Oak Ct.
GRRES  SC - Greenville,8644852161,DEPT: 6356 GR-157 Holly Circle
GRRES  SC - Greenville,8646639258,DEPT: 6357 GR-5 Jaden Ct.
GRRES  SC - Greenville,8644852220,DEPT: 6358 GR-302 Sloping Meadow Dr.
GRRES  SC - Greenville,8642336270,DEPT: 9043 GR-G-A
KPRES  PA-KingOfPrussia,2152514473,DEPT: 3712 PH-Supported Living
KPRES  PA-KingOfPrussia,2152894240,DEPT: 3712 PH-Supported Living
KPRES  PA-KingOfPrussia,2153165013,DEPT: 3712 PH-Supported Living
KPRES  PA-KingOfPrussia,2153698039,DEPT: 3712 PH-Supported Living
KPRES  PA-KingOfPrussia,2154733517,DEPT: 3712 PH-Supported Living
KPRES  PA-KingOfPrussia,2156993672,DEPT: 3712 PH-Supported Living
KPRES  PA-KingOfPrussia,2679698492,DEPT: 3712 PH-Supported Living
KPRES  PA-KingOfPrussia,2675827331,DEPT: 4902 KP-Community Participation Sup
KPRES  PA-KingOfPrussia,2152300782,DEPT: 4903 KP-Supported Living 1 Prsn
KPRES  PA-KingOfPrussia,2152454778,DEPT: 4903 KP-Supported Living 1 Prsn
KPRES  PA-KingOfPrussia,2153640429,DEPT: 4903 KP-Supported Living 1 Prsn
KPRES  PA-KingOfPrussia,2153924988,DEPT: 4903 KP-Supported Living 1 Prsn
KPRES  PA-KingOfPrussia,2154478248,DEPT: 4903 KP-Supported Living 1 Prsn
KPRES  PA-KingOfPrussia,2154478423,DEPT: 4903 KP-Supported Living 1 Prsn
KPRES  PA-KingOfPrussia,2154520110,DEPT: 4903 KP-Supported Living 1 Prsn
KPRES  PA-KingOfPrussia,2154891480,DEPT: 4903 KP-Supported Living 1 Prsn
KPRES  PA-KingOfPrussia,2156130730,DEPT: 4903 KP-Supported Living 1 Prsn
KPRES  PA-KingOfPrussia,2156130750,DEPT: 4903 KP-Supported Living 1 Prsn
KPRES  PA-KingOfPrussia,2157413008,DEPT: 4903 KP-Supported Living 1 Prsn
KPRES  PA-KingOfPrussia,2157415697,DEPT: 4903 KP-Supported Living 1 Prsn
KPRES  PA-KingOfPrussia,2158602035,DEPT: 4903 KP-Supported Living 1 Prsn
KPRES  PA-KingOfPrussia,2158773580,DEPT: 4903 KP-Supported Living 1 Prsn
KPRES  PA-KingOfPrussia,2158782583,DEPT: 4903 KP-Supported Living 1 Prsn
KPRES  PA-KingOfPrussia,2158910701,DEPT: 4903 KP-Supported Living 1 Prsn
KPRES  PA-KingOfPrussia,2158919444,DEPT: 4903 KP-Supported Living 1 Prsn
KPRES  PA-KingOfPrussia,2159420761,DEPT: 4903 KP-Supported Living 1 Prsn
KPRES  PA-KingOfPrussia,4846846548,DEPT: 4907 KP-507 Philadelphia Ave
KPRES  PA-KingOfPrussia,2677663713,DEPT: 4908 KP-391 Martin St.
KPRES  PA-KingOfPrussia,2156138157,DEPT: 4909 KP-1735 Ripley St.
KPRES  PA-KingOfPrussia,4842311508,DEPT: 4910 KP-137 Walker Lane
KPRES  PA-KingOfPrussia,4847515572,DEPT: 4911 KP-106 Walnut St.
KPRES  PA-KingOfPrussia,4846846200,DEPT: 4912 KP-124 Anderson Road
KPRES  PA-KingOfPrussia,4846747997,DEPT: 4913 KP-64 Colonial Ave.
KPRES  PA-KingOfPrussia,4843702863,DEPT: 4914 KP-22 Union St.
KPRES  PA-KingOfPrussia,4844538597,DEPT: 4915 KP-1228 Bryan St.
KPRES  PA-KingOfPrussia,2156904503,DEPT: 4916 KP-239 Logan Ave
KPRES  PA-KingOfPrussia,4843225240,DEPT: 4917 KP-1013 Stanbridge St.
KPRES  PA-KingOfPrussia,4845333123,DEPT: 4918 KP-200 Ford St. Apt. 1
KPRES  PA-KingOfPrussia,4844557108,DEPT: 4919 KP-173 Warrior Rd
KPRES  PA-KingOfPrussia,2159215678,DEPT: 4920 KP-5440 W. Berks St.
KPRES  PA-KingOfPrussia,2159483893,DEPT: 4921 KP-7906 Chandler Rd
KPRES  PA-KingOfPrussia,4843297605,DEPT: 4922 KP-110 Spruce Ln
KPRES  PA-KingOfPrussia,4844612182,DEPT: 4923 KP-7818 Merion Ave
KPRES  PA-KingOfPrussia,4844663254,DEPT: 4923 KP-7818 Merion Ave
KPRES  PA-KingOfPrussia,2152775604,DEPT: 4924 KP-2261 Charles St
KPRES  PA-KingOfPrussia,4844545293,DEPT: 4925 KP-812 Darby Rd
KPRES  PA-KingOfPrussia,4845333543,DEPT: 4926 KP-420 Hallowell ST. Apt 1
KPRES  PA-KingOfPrussia,2672392397,DEPT: 4927 KP-1332 South Lawrence St
KPRES  PA-KingOfPrussia,2679303274,"DEPT: 4928 KP-1334 S 5th St,"
KPRES  PA-KingOfPrussia,2673889105,DEPT: 9049 KP-G-A
LCRES  NM - Las Cruces,5755329275,DEPT: 2605 LC-Day Hab
LCRES  NM - Las Cruces,5752016465,DEPT: 2606 LC-Anthony
LCRES  NM - Las Cruces,5752881768,DEPT: 2615 LC-Linda-Angela-Supp Liv
LCRES  NM - Las Cruces,5755325349,DEPT: 2617 LC-Kerri MacPherson
LCRES  NM - Las Cruces,5758884856,DEPT: 2618 LC-1934 Villa Napoli Loop W
LCRES  NM - Las Cruces,5753739416,DEPT: 2619 LC-4555 Mesa Central
LCRES  NM - Las Cruces,5754494793,DEPT: 2619 LC-4555 Mesa Central
LCRES  NM - Las Cruces,5753233948,DEPT: 2620 LC-Supp Liv-Orta - Giron
LCRES  NM - Las Cruces,5755714358,DEPT: 2621 LC-4110 La Purisima
LCRES  NM - Las Cruces,5752220617,DEPT: 2622 LC-5314 Imperial Dr.
LCRES  NM - Las Cruces,5756523318,DEPT: 2623 LC-4577 Camino Dos Vidas
LCRES  NM - Las Cruces,5756623318,DEPT: 2623 LC-4577 Camino Dos Vidas
LCRES  NM - Las Cruces,5759939791,DEPT: 2623 LC-4577 Camino Dos Vidas
LCRES  NM - Las Cruces,5752220947,DEPT: 2624 LC-4023 Rock Springs Rd.
LCRES  NM - Las Cruces,5756523500,DEPT: 2625 LC-3689 Albion
LCRES  NM - Las Cruces,5752220544,DEPT: 2631 LC-566 Canyon Point
LURES  TX - LUBBOCK,8067833081,DEPT: 6536 LU-6720 85th Street
LURES  TX - LUBBOCK,8067838754,DEPT: 6537 LU-6706 91st Place
LURES  TX - LUBBOCK,8063171556,DEPT: 6538 LU-4406 56th St
LURES  TX - LUBBOCK,8067881905,DEPT: 6538 LU-4406 56th St
LURES  TX - LUBBOCK,8067014363,DEPT: 6540 LU-3512 96th St.
LURES  TX - LUBBOCK,8063680526,DEPT: 6541 2303 100th St.
LURES  TX - LUBBOCK,8067833091,DEPT: 9012 LU-G-A
LURES  TX - LUBBOCK,8067920573,DEPT: 9012 LU-G-A
MERES  Mercer County,6098441220,DEPT: 1300 ME-137 Federal City
MERES  Mercer County,6098950486,DEPT: 1300 ME-137 Federal City
MERES  Mercer County,6098835797,DEPT: 1301 ME-1082 River
MERES  Mercer County,6094061165,DEPT: 1302 ME-35 Windybush
MERES  Mercer County,6094484017,DEPT: 1303 ME-111 Robbinsville
MERES  Mercer County,6093082335,DEPT: 1304 ME-3 Clark
MERES  Mercer County,6093713610,DEPT: 1304 ME-3 Clark
MERES  Mercer County,6093017919,DEPT: 1306 ME-111 Walden
MERES  Mercer County,6096890011,DEPT: 1307 ME-36 McAdoo
MERES  Mercer County,6099181646,DEPT: 1308 ME-191 Wyndham
MERES  Mercer County,6094486416,DEPT: 1309 ME-314 Walden Foxmoor
MERES  Mercer County,6098829132,DEPT: 1311 ME-74 Carlton
MERES  Mercer County,6094520237,DEPT: 1312 ME-115 Federal Canal Point
MERES  Mercer County,6094069453,DEPT: 1313 ME-50 Texas
MERES  Mercer County,6093719641,DEPT: 1314 ME-272 Dutchneck
MERES  Mercer County,6094215165,DEPT: 1315 ME-Cynthia Bates
MERES  Mercer County,6097710846,DEPT: 1316 ME-84 Hopatcong
MERES  Mercer County,6098824540,DEPT: 1317 ME-1015 Whitehead Apt 9 KH
MERES  Mercer County,6094301100,DEPT: 1319 ME-24 N Harrison
MERES  Mercer County,6094661426,DEPT: 1320 ME-1617 Harbourton-Rocktown Rd
MERES  Mercer County,6094661427,DEPT: 1320 ME-1617 Harbourton-Rocktown Rd
MERES  Mercer County,6099212198,DEPT: 1321 ME-24 Dorann Ave
MERES  Mercer County,6097996700,DEPT: 1322 ME-4 West Kincaid Dr.
MERES  Mercer County,6096888804,DEPT: 1323 ME-67 Harriet Dr.
MERES  Mercer County,6094484326,DEPT: 1324 ME-131 Andover Place
MERES  Mercer County,7329601414,DEPT: 1528 ME-DH KENDALL PARK
MERES  Mercer County,6098822798,DEPT: 1618 ME-1015 Whitehead Rd Ext - 214
MERES  Mercer County,6094245039,DEPT: 1851 ME-25 Tattletown Rd.
MERES  Mercer County,6094431563,DEPT: 1852 ME-970 Windsor Perrinville
MERES  Mercer County,6092593820,DEPT: 1853 ME-286 Sharon Rd.
MERES  Mercer County,2012074721,DEPT: 7086 NJ-STEP COE
MERES  Mercer County,2013963281,DEPT: 7086 NJ-STEP COE
MERES  Mercer County,6092182030,DEPT: 7086 NJ-STEP COE
MERES  Mercer County,6097519701,DEPT: 7086 NJ-STEP COE
MERES  Mercer County,6095810652,DEPT: 7110 NJ-Senior Day Service-Ham NJ
MERES  Mercer County,6095811417,DEPT: 7110 NJ-Senior Day Service-Ham NJ
MERES  Mercer County,6095811459,DEPT: 7110 NJ-Senior Day Service-Ham NJ
MERES  Mercer County,6095811536,DEPT: 7110 NJ-Senior Day Service-Ham NJ
MERES  Mercer County,6095811567,DEPT: 7110 NJ-Senior Day Service-Ham NJ
MERES  Mercer County,6092430117,DEPT: 9001 ME-G-A
MERES  Mercer County,6092430564,DEPT: 9001 ME-G-A
MERES  Mercer County,6092430567,DEPT: 9001 ME-G-A
MERES  Mercer County,6092430769,DEPT: 9001 ME-G-A
MERES  Mercer County,6092438708,DEPT: 9001 ME-G-A
MERES  Mercer County,6092438720,DEPT: 9001 ME-G-A
MERES  Mercer County,6092439012,DEPT: 9001 ME-G-A
MERES  Mercer County,6092439038,DEPT: 9001 ME-G-A
MERES  Mercer County,6092439072,DEPT: 9001 ME-G-A
MERES  Mercer County,6092439176,DEPT: 9001 ME-G-A
MERES  Mercer County,6092439178,DEPT: 9001 ME-G-A
MERES  Mercer County,6092439243,DEPT: 9001 ME-G-A
MERES  Mercer County,6094194418,DEPT: 9001 ME-G-A
MERES  Mercer County,6094520873,DEPT: 9001 ME-G-A
MERES  Mercer County,6094521172,DEPT: 9001 ME-G-A
MERES  Mercer County,6095149494,DEPT: 9001 ME-G-A
MIRES  NJ - Middlesex,7324169146,DEPT: 1328 MI-51 Forest Park Terrace-Monr
MIRES  NJ - Middlesex,7327213959,DEPT: 1329 MI-154 Princeton Road-Middlese
MIRES  NJ - Middlesex,7324226397,DEPT: 1330 MI-240 Glastonburg Lane
MIRES  NJ - Middlesex,7326493761,DEPT: 1330 MI-240 Glastonburg Lane
MIRES  NJ - Middlesex,9088122691,DEPT: 1330 MI-240 Glastonburg Lane
MIRES  NJ - Middlesex,7325223781,DEPT: 1331 MI-318 Woodland Avenue-Neptune
MIRES  NJ - Middlesex,7326439587,DEPT: 1331 MI-318 Woodland Avenue-Neptune
MIRES  NJ - Middlesex,9083076594,DEPT: 1331 MI-318 Woodland Avenue-Neptune
MIRES  NJ - Middlesex,6095482312,DEPT: 1332 MI-74 Scenic Drive-Howell
MIRES  NJ - Middlesex,7322910719,DEPT: 1332 MI-74 Scenic Drive-Howell
MIRES  NJ - Middlesex,7326752927,DEPT: 1332 MI-74 Scenic Drive-Howell
MIRES  NJ - Middlesex,7328661720,DEPT: 1332 MI-74 Scenic Drive-Howell
MIRES  NJ - Middlesex,6092768016,DEPT: 1333 MI-43 Savannah Court
MIRES  NJ - Middlesex,7322913470,DEPT: 1333 MI-43 Savannah Court
MIRES  NJ - Middlesex,7322913492,DEPT: 1333 MI-43 Savannah Court
MIRES  NJ - Middlesex,7322223700,DEPT: 1334 MI-27 Heidl Ave
MIRES  NJ - Middlesex,9088120714,DEPT: 1334 MI-27 Heidl Ave
MIRES  NJ - Middlesex,7326131361,DEPT: 1335 MI-41 Ellwood Road
MIRES  NJ - Middlesex,7324226436,DEPT: 1336 MI-2 Aldrich Road
MIRES  NJ - Middlesex,7324226437,DEPT: 1336 MI-2 Aldrich Road
MIRES  NJ - Middlesex,6092097353,DEPT: 1337 MI-GH1711-63 Henderson
MIRES  NJ - Middlesex,7328211721,DEPT: 1337 MI-GH1711-63 Henderson
MIRES  NJ - Middlesex,7322970300,DEPT: 1338 MI-GH1664-38 Constable
MIRES  NJ - Middlesex,7328211713,DEPT: 1338 MI-GH1664-38 Constable
MIRES  NJ - Middlesex,9084131258,DEPT: 1338 MI-GH1664-38 Constable
MIRES  NJ - Middlesex,7322743465,DEPT: 1339 MI-GH1820-New Road
MIRES  NJ - Middlesex,7323488055,DEPT: 1462 MI-Home Support - C. Brennan
MIRES  NJ - Middlesex,7326586294,DEPT: 1462 MI-Home Support - C. Brennan
MIRES  NJ - Middlesex,7326258225,DEPT: 1463 MI-Home Support - Peter Davies
MIRES  NJ - Middlesex,7327053012,DEPT: 1540 343-351 Route 34
MIRES  NJ - Middlesex,7327053013,DEPT: 1540 343-351 Route 34
MIRES  NJ - Middlesex,7325455894,DEPT: 7050 NB-DVR
MIRES  NJ - Middlesex,6098586137,DEPT: 9007 MI-G-A
MIRES  NJ - Middlesex,7324919015,DEPT: 9007 MI-G-A
MIRES  NJ - Middlesex,7326729022,DEPT: 9007 MI-G-A
MXRES  NEW BERGEN REGION,9733984731,DEPT: 1418 MX-Hopatcong
MXRES  NEW BERGEN REGION,9739400420,"DEPT: 1419: MX-73 Ryerson Ave, Apt 2"
MXRES  NEW BERGEN REGION,9739407854,DEPT: 1437 MX-44 Wintermute Rd
MXRES  NEW BERGEN REGION,9733050825,DEPT: 1501 MX-Harvest Lane
MXRES  NEW BERGEN REGION,9732839079,DEPT: 1503 MX-64 E. Belleview Butler
MXRES  NEW BERGEN REGION,9732838253,DEPT: 1504 MX-38 Van Houten
MXRES  NEW BERGEN REGION,9738383758,DEPT: 1505 MX-20 Seik Rd
MXRES  NEW BERGEN REGION,9733340580,DEPT: 1508 MX-South Valley Rd
MXRES  NEW BERGEN REGION,9736284516,DEPT: 1508 MX-South Valley Rd
MXRES  NEW BERGEN REGION,9733139605,DEPT: 1510 MX-S. Orange - 57 White Oak
MXRES  NEW BERGEN REGION,9738390735,DEPT: 1511 MX-102 Pompton Tnpk C Diamond
MXRES  NEW BERGEN REGION,9737611314,DEPT: 1513 MX-E. Specht-Pitney Place
MXRES  NEW BERGEN REGION,9737636916,DEPT: 1513 MX-E. Specht-Pitney Place
MXRES  NEW BERGEN REGION,9738318903,DEPT: 1514 MX-520-115 Pompton Turnpike
MXRES  NEW BERGEN REGION,9733162483,DEPT: 1515 MX-16 Rathburn Road
MXRES  NEW BERGEN REGION,9733162584,DEPT: 1515 MX-16 Rathburn Road
MXRES  NEW BERGEN REGION,9732992570,DEPT: 1516 MX-7107 Coventry Court
MXRES  NEW BERGEN REGION,9732992629,DEPT: 1516 MX-7107 Coventry Court
MXRES  NEW BERGEN REGION,9735790106,DEPT: 1522 MX-73 Ryerson Ave
MXRES  NEW BERGEN REGION,9085800497,"DEPT: 1523 MX-225 Gates Avenue, Gillettee"
MXRES  NEW BERGEN REGION,7813868292,DEPT: 4400 MX-Options Quest Flanders
MXRES  NEW BERGEN REGION,9738724781,DEPT: 9005 MX-G-A
MXRES  NEW BERGEN REGION,9738724782,DEPT: 9005 MX-G-A
MXRES  NEW BERGEN REGION,9738727111,DEPT: 9005 MX-G-A
MXRES  NEW BERGEN REGION,9738727114,DEPT: 9005 MX-G-A
MXRES  NEW BERGEN REGION,9738727115,DEPT: 9005 MX-G-A
MXRES  NEW BERGEN REGION,9738727116,DEPT: 9005 MX-G-A
MXRES  NEW BERGEN REGION,9738727117,DEPT: 9005 MX-G-A
MXRES  NEW BERGEN REGION,9738727118,DEPT: 9005 MX-G-A
MXRES  NEW BERGEN REGION,9738727119,DEPT: 9005 MX-G-A
MXRES  NEW BERGEN REGION,9738727120,DEPT: 9005 MX-G-A
MXRES  NEW BERGEN REGION,9738727121,DEPT: 9005 MX-G-A
NARES  National - 9000,6097992103,DEPT: 9000 National G-A
NARES  National - 9000,6097997256,DEPT: 9000 National G-A
NARES  National - 9000,6097997295,DEPT: 9000 National G-A
NARES  National - 9000,6097997348,DEPT: 9000 National G-A
NARES  National - 9000,6097998506,DEPT: 9000 National G-A
NARES  National - 9000,6097998607,DEPT: 9000 National G-A
NARES  National - 9000,6099510174,DEPT: 9000 National G-A
NARES  National - 9000,6099510191,DEPT: 9000 National G-A
NARES  National - 9000,6099510599,DEPT: 9000 National G-A
NARES  National - 9000,6099510601,DEPT: 9000 National G-A
NARES  National - 9000,6099510604,DEPT: 9000 National G-A
NARES  National - 9000,6099510704,DEPT: 9000 National G-A
NARES  National - 9000,6099510706,DEPT: 9000 National G-A
NARES  National - 9000,6099510725,DEPT: 9000 National G-A
NARES  National - 9000,6099510730,DEPT: 9000 National G-A
NARES  National - 9000,6099510743,DEPT: 9000 National G-A
NARES  National - 9000,6099510762,DEPT: 9000 National G-A
NARES  National - 9000,6099510765,DEPT: 9000 National G-A
NARES  National - 9000,6099510767,DEPT: 9000 National G-A
NARES  National - 9000,6099510774,DEPT: 9000 National G-A
NARES  National - 9000,6099510779,DEPT: 9000 National G-A
NARES  National - 9000,6099510780,DEPT: 9000 National G-A
NARES  National - 9000,6099510782,DEPT: 9000 National G-A
NARES  National - 9000,6099510784,DEPT: 9000 National G-A
NARES  National - 9000,6099510791,DEPT: 9000 National G-A
NARES  National - 9000,6099510792,DEPT: 9000 National G-A
NARES  National - 9000,6099510826,DEPT: 9000 National G-A
NARES  National - 9000,6099510838,DEPT: 9000 National G-A
NARES  National - 9000,6099510841,DEPT: 9000 National G-A
NARES  National - 9000,6099510842,DEPT: 9000 National G-A
NARES  National - 9000,6099510849,DEPT: 9000 National G-A
NARES  National - 9000,6099510853,DEPT: 9000 National G-A
NARES  National - 9000,6099510857,DEPT: 9000 National G-A
NARES  National - 9000,6099510861,DEPT: 9000 National G-A
NARES  National - 9000,6099510873,DEPT: 9000 National G-A
NARES  National - 9000,6099510876,DEPT: 9000 National G-A
NARES  National - 9000,6099510878,DEPT: 9000 National G-A
NARES  National - 9000,6099510879,DEPT: 9000 National G-A
NARES  National - 9000,6099510881,DEPT: 9000 National G-A
NARES  National - 9000,6099510891,DEPT: 9000 National G-A
NARES  National - 9000,6099510901,DEPT: 9000 National G-A
NARES  National - 9000,6099510902,DEPT: 9000 National G-A
NARES  National - 9000,6099510910,DEPT: 9000 National G-A
NARES  National - 9000,6099510926,DEPT: 9000 National G-A
NARES  National - 9000,6099519900,DEPT: 9000 National G-A
NARES  National - 9000,6095240551,DEPT: 9000 National G-A
NYRES  NYC Manhattan,7184806103,DEPT: 3411 QU-112TH ROAD - 4 PERSON IRA
NYRES  NYC Manhattan,7188353083,DEPT: 3411 QU-112TH ROAD - 4 PERSON IRA
NYRES  NYC Manhattan,5162700476,DEPT: 3463 NY-TBI Life Skills Train
NYRES  NYC Manhattan,2122279106,DEPT: 3464 NY-OMRDD MSC
NYRES  NYC Manhattan,2122279110,DEPT: 3464 NY-OMRDD MSC
NYRES  NYC Manhattan,2122279115,DEPT: 3464 NY-OMRDD MSC
NYRES  NYC Manhattan,2122279116,DEPT: 3464 NY-OMRDD MSC
NYRES  NYC Manhattan,2122279123,DEPT: 3464 NY-OMRDD MSC
NYRES  NYC Manhattan,6469392224,DEPT: 3464 NY-OMRDD MSC
NYRES  NYC Manhattan,6469424195,DEPT: 3464 NY-OMRDD MSC
NYRES  NYC Manhattan,7182887056,DEPT: 3464 NY-OMRDD MSC
NYRES  NYC Manhattan,8453466849,DEPT: 3464 NY-OMRDD MSC
NYRES  NYC Manhattan,9179229964,DEPT: 3464 NY-OMRDD MSC
NYRES  NYC Manhattan,2122802832,DEPT: 3465 NY-TBI
NYRES  NYC Manhattan,2124771075,DEPT: 3465 NY-TBI
NYRES  NYC Manhattan,2125339260,DEPT: 3465 NY-TBI
NYRES  NYC Manhattan,2126711006,DEPT: 3465 NY-TBI
NYRES  NYC Manhattan,2126751392,DEPT: 3465 NY-TBI
NYRES  NYC Manhattan,2126814811,DEPT: 3465 NY-TBI
NYRES  NYC Manhattan,2127812337,DEPT: 3465 NY-TBI
NYRES  NYC Manhattan,2128285477,DEPT: 3465 NY-TBI
NYRES  NYC Manhattan,2128287744,DEPT: 3465 NY-TBI
NYRES  NYC Manhattan,2128316527,DEPT: 3465 NY-TBI
NYRES  NYC Manhattan,2129967850,DEPT: 3465 NY-TBI
NYRES  NYC Manhattan,2478997283,DEPT: 3465 NY-TBI
NYRES  NYC Manhattan,3329994064,DEPT: 3465 NY-TBI
NYRES  NYC Manhattan,3329994065,DEPT: 3465 NY-TBI
NYRES  NYC Manhattan,3474432632,DEPT: 3465 NY-TBI
NYRES  NYC Manhattan,3478997280,DEPT: 3465 NY-TBI
NYRES  NYC Manhattan,3478997283,DEPT: 3465 NY-TBI
NYRES  NYC Manhattan,6465293349,DEPT: 3465 NY-TBI
NYRES  NYC Manhattan,6468208217,DEPT: 3465 NY-TBI
NYRES  NYC Manhattan,6468790026,DEPT: 3465 NY-TBI
NYRES  NYC Manhattan,7182571916,DEPT: 3465 NY-TBI
NYRES  NYC Manhattan,7183827022,DEPT: 3465 NY-TBI
NYRES  NYC Manhattan,7183981480,DEPT: 3465 NY-TBI
NYRES  NYC Manhattan,7184418917,DEPT: 3465 NY-TBI
NYRES  NYC Manhattan,7185383440,DEPT: 3465 NY-TBI
NYRES  NYC Manhattan,7186131025,DEPT: 3465 NY-TBI
NYRES  NYC Manhattan,7186711853,DEPT: 3465 NY-TBI
NYRES  NYC Manhattan,7186713106,DEPT: 3465 NY-TBI
NYRES  NYC Manhattan,7186756116,DEPT: 3465 NY-TBI
NYRES  NYC Manhattan,7188294955,DEPT: 3465 NY-TBI
NYRES  NYC Manhattan,7188462322,DEPT: 3465 NY-TBI
NYRES  NYC Manhattan,7188564209,DEPT: 3465 NY-TBI
NYRES  NYC Manhattan,7188564737,DEPT: 3465 NY-TBI
NYRES  NYC Manhattan,7188813821,DEPT: 3465 NY-TBI
NYRES  NYC Manhattan,7188964851,DEPT: 3465 NY-TBI
NYRES  NYC Manhattan,9123733898,DEPT: 3465 NY-TBI
NYRES  NYC Manhattan,9173377864,DEPT: 3465 NY-TBI
NYRES  NYC Manhattan,9174168809,DEPT: 3465 NY-TBI
NYRES  NYC Manhattan,9176357678,DEPT: 3465 NY-TBI
NYRES  NYC Manhattan,9176553229,DEPT: 3465 NY-TBI
NYRES  NYC Manhattan,6464102019,DEPT: 3466 NY-IRA 23 E 128th 5F
NYRES  NYC Manhattan,6464764411,DEPT: 3466 NY-IRA 23 E 128th 5F
NYRES  NYC Manhattan,6468894374,DEPT: 3466 NY-IRA 23 E 128th 5F
NYRES  NYC Manhattan,6468918233,DEPT: 3466 NY-IRA 23 E 128th 5F
NYRES  NYC Manhattan,9146333387,DEPT: 3466 NY-IRA 23 E 128th 5F
NYRES  NYC Manhattan,9179228900,DEPT: 3466 NY-IRA 23 E 128th 5F
NYRES  NYC Manhattan,6464766075,DEPT: 3467 NY- IRA 2132 2nd Ave 3D
NYRES  NYC Manhattan,9172821783,DEPT: 3467 NY- IRA 2132 2nd Ave 3D
NYRES  NYC Manhattan,6468827789,DEPT: 3468 IRA-456 W. 167TH APT 2E
NYRES  NYC Manhattan,6468826869,DEPT: 3469 IRA-456 W. 167TH APT 4E
NYRES  NYC Manhattan,6464769243,DEPT: 3470 NY-Lennox Ave 2D
NYRES  NYC Manhattan,6465595134,DEPT: 3470 NY-Lennox Ave 2D
NYRES  NYC Manhattan,3478991245,DEPT: 3473 NY-OPWDD Supported Employment (CO Cell: Celia Procope)
NYRES  NYC Manhattan,6464761013,DEPT: 3475 NY-Day Hab Without Walls
NYRES  NYC Manhattan,6465594245,DEPT: 3475 NY-Day Hab Without Walls
NYRES  NYC Manhattan,7183674710,DEPT: 3475 NY-Day Hab Without Walls
NYRES  NYC Manhattan,6468700123,DEPT: 3476 NY-IRA 611 W 137TH ST
NYRES  NYC Manhattan,6468700124,DEPT: 3476 NY-IRA 611 W 137TH ST
NYRES  NYC Manhattan,3478822484,DEPT: 3477 NY-OPWDD MVP
NYRES  NYC Manhattan,9172615993,DEPT: 3478 NY-OPWDD- 24 Bradhurst Ave.
NYRES  NYC Manhattan,9172615094,DEPT: 3479 NY-NYC 301 W 136th St
NYRES  NYC Manhattan,9172615096,DEPT: 3479 NY-NYC 301 W 136th St
NYRES  NYC Manhattan,9172658548,DEPT: 3479 NY-NYC 301 W 136th St
NYRES  NYC Manhattan,6468641044,DEPT: 3522 NY-NYC COM HAB
NYRES  NYC Manhattan,9174727035,DEPT: 3522 NY-NYC COM HAB
OCRES  Ocean County,7325223781,DEPT: 1331 MI-318 Woodland Avenue-Neptune
OCRES  Ocean County,7326439587,DEPT: 1331 MI-318 Woodland Avenue-Neptune
OCRES  Ocean County,9083076594,DEPT: 1331 MI-318 Woodland Avenue-Neptune
OCRES  Ocean County,6095482312,DEPT: 1332 MI-74 Scenic Drive-Howell
OCRES  Ocean County,7322910719,DEPT: 1332 MI-74 Scenic Drive-Howell
OCRES  Ocean County,7326752927,DEPT: 1332 MI-74 Scenic Drive-Howell
OCRES  Ocean County,7328661720,DEPT: 1332 MI-74 Scenic Drive-Howell
OCRES  Ocean County,6092768016,DEPT: 1333 MI-43 Savannah Court
OCRES  Ocean County,7322913470,DEPT: 1333 MI-43 Savannah Court
OCRES  Ocean County,7322913492,DEPT: 1333 MI-43 Savannah Court
OCRES  Ocean County,6099784624,DEPT: 1354 OC-31 Admiral Manahawkin
OCRES  Ocean County,7322861225,DEPT: 1355 OC-835 Forecastle Beachwood
OCRES  Ocean County,7322866031,DEPT: 1355 OC-835 Forecastle Beachwood
OCRES  Ocean County,6092428169,DEPT: 1356 OC-1529 Sommeral Lacey
OCRES  Ocean County,6098129525,DEPT: 1358 OC-Winchester Egg Harbor
OCRES  Ocean County,6096070081,DEPT: 1359 OC-17A Emerald
OCRES  Ocean County,6096070078,DEPT: 1360 OC-15 Gibraltor
OCRES  Ocean County,6096070082,DEPT: 1360 OC-15 Gibraltor
OCRES  Ocean County,6096938775,DEPT: 1361 OC-204 Nautilus
OCRES  Ocean County,6096601824,DEPT: 1362 OC-Old Main Shore Rd
OCRES  Ocean County,6099712850,DEPT: 1364 OC-Tom Gray Court-GH 1597
OCRES  Ocean County,6092967194,DEPT: 1368 OC-214 Harbourtown Blvd
OCRES  Ocean County,7325574300,DEPT: 1369 OC-170 Village Road Apartment
OCRES  Ocean County,6092423300,DEPT: 1370 OC-458 Lake Barnegat Dr
OCRES  Ocean County,7325575061,DEPT: 1371 OC-170 Village Road - House
OCRES  Ocean County,7323413244,DEPT: 1372 OC-711 Winward Ave
OCRES  Ocean County,6096937759,DEPT: 1373 OC-802 Orlando Drive
OCRES  Ocean County,7328400189,DEPT: 1374 OC-174 Lehigh Street
OCRES  Ocean County,6095970408,DEPT: 1375 OC-1000 Starboard Ave
OCRES  Ocean County,6099783673,DEPT: 1377 OC-1171 Galley Avenue
OCRES  Ocean County,7322378728,DEPT: 1378 OC-CLS 702 Nicole Schafer
OCRES  Ocean County,6095490210,DEPT: 1379 OC-900 Barnegat Blvd Apt 2007
OCRES  Ocean County,7324512659,DEPT: 1380 OC-2747 Hooper Ave
OCRES  Ocean County,6096226242,DEPT: 1381 OC - GH2453 511 Lighthouse Drive
OCRES  Ocean County,6094040578,DEPT: 1555 CU-711 Osprey Ct
OCRES  Ocean County,6093830600,DEPT: 1556 CU-1002 Falcon Drive
OCRES  Ocean County,6098676543,DEPT: 1556 CU-1002 Falcon Drive
OCRES  Ocean County,6093127804,DEPT: 1611 OC-Roger Franpton - SL -101 Ge
OCRES  Ocean County,6099788488,DEPT: 1619 OC-760 Jane Dr
OCRES  Ocean County,6094885738,DEPT: 1701 OC-Adam Winn-VID Sh1609
OCRES  Ocean County,7322441870,DEPT: 1702 OC-Deloras Moran
OCRES  Ocean County,6092422299,DEPT: 7071 OC-Olmstead Day Prgm COE
OCRES  Ocean County,6092427781,DEPT: 9003 OC-G-A
OCRES  Ocean County,6092427782,DEPT: 9003 OC-G-A
OCRES  Ocean County,6096931700,DEPT: 9003 OC-G-A
OCRES  Ocean County,6096932351,DEPT: 9003 OC-G-A
OCRES  Ocean County,6096932831,DEPT: 9003 OC-G-A
OCRES  Ocean County,6096933635,DEPT: 9003 OC-G-A
OCRES  Ocean County,6096936222,DEPT: 9003 OC-G-A
OCRES  Ocean County,6096936917,DEPT: 9003 OC-G-A
OGRES  UT - Ogden,3852067315,DEPT: 6901 OG- 2590 Washington Blvd.
OGRES  UT - Ogden,8018789427,DEPT: 6903 OG-West Valley Day Hab
OGRES  UT - Ogden,8017825695,DEPT: 6906 UT-836 N. Harrison Blvd.
OGRES  UT - Ogden,3853334570,DEPT: 6910 OG- 4380 S. Porter Ave
OGRES  UT - Ogden,8013943108,DEPT: 6911 OG-1482 E. 4600 S.
OGRES  UT - Ogden,8014327445,DEPT: 6912 OG-5755 South Tikal Way
OGRES  UT - Ogden,8016058704,DEPT: 6913 OG-667 E. 26th St
OGRES  UT - Ogden,8016212249,DEPT: 6914 OG-4060 Skyline Parkway
OGRES  UT - Ogden,8019309731,DEPT: 6915 OG-5134 Burkman Way
OGRES  UT - Ogden,8016058666,DEPT: 9050 OG-Ogden
PDRES  KY - Paducah,2709062267,DEPT: 6185 BN-210 E. 18th St
PDRES  KY - Paducah,2709062286,DEPT: 6187 BN-1705 Sycamore
PDRES  KY - Paducah,2704155662,DEPT: 6190 BN-543 Oaklawn Dr
PDRES  KY - Paducah,2705584892,DEPT: 6191 BN-2944 Nebraska St
PDRES  KY - Paducah,2702012402,DEPT: 6192 BN-118 Brunswick Circle
PDRES  KY - Paducah,2705345180,DEPT: 6193 BN-123 Milton Drive
PDRES  KY - Paducah,2708166867,DEPT: 6193 BN-123 Milton Drive
PDRES  KY - Paducah,2704155039,DEPT: 6194 BN-3763 Ramona Dr. Paducah
PHRES  PA- Philadelphia,2157501478,DEPT: 3701 PH-Sup Employment
PHRES  PA- Philadelphia,2157501479,DEPT: 3701 PH-Sup Employment
PHRES  PA- Philadelphia,2159560853,DEPT: 3701 PH-Sup Employment
PHRES  PA- Philadelphia,2159560854,DEPT: 3701 PH-Sup Employment
PHRES  PA- Philadelphia,2159560855,DEPT: 3701 PH-Sup Employment
PHRES  PA- Philadelphia,2159560856,DEPT: 3701 PH-Sup Employment
PHRES  PA- Philadelphia,2152514473,DEPT: 3712 PH-Supported Living
PHRES  PA- Philadelphia,2152894240,DEPT: 3712 PH-Supported Living
PHRES  PA- Philadelphia,2153165013,DEPT: 3712 PH-Supported Living
PHRES  PA- Philadelphia,2153698039,DEPT: 3712 PH-Supported Living
PHRES  PA- Philadelphia,2154733517,DEPT: 3712 PH-Supported Living
PHRES  PA- Philadelphia,2156993672,DEPT: 3712 PH-Supported Living
PHRES  PA- Philadelphia,2679698492,DEPT: 3712 PH-Supported Living
PHRES  PA- Philadelphia,2159048206,DEPT: 3715 PH-Hagerman St.
PHRES  PA- Philadelphia,2675382109,DEPT: 3716 PH-Chapelcroft
PHRES  PA- Philadelphia,2673433182,DEPT: 3717 PH-Brighton St.
PHRES  PA- Philadelphia,2673433221,DEPT: 3717 PH-Brighton St.
PHRES  PA- Philadelphia,2156138810,DEPT: 3718 PH-Endicott St.
PHRES  PA- Philadelphia,2153054853,DEPT: 3719 PH-Sandy Rd.
PHRES  PA- Philadelphia,2675382833,DEPT: 3719 PH-Sandy Rd.
PHRES  PA- Philadelphia,2677311726,DEPT: 3720 PH-Kendrick St.
PHRES  PA- Philadelphia,2677317155,DEPT: 3720 PH-Kendrick St.
PHRES  PA- Philadelphia,2677311565,DEPT: 3721 PH-Calera Rd
PHRES  PA- Philadelphia,2677311745,DEPT: 3721 PH-Calera Rd
PHRES  PA- Philadelphia,2673885663,DEPT: 3722 PH-Roosevelt Blvd
PHRES  PA- Philadelphia,2156135952,DEPT: 3723 PH- North East Ave
PHRES  PA- Philadelphia,2156137673,DEPT: 3723 PH- North East Ave
PHRES  PA- Philadelphia,2158213121,DEPT: 3724 PH-1024 Tomlinson Rd.
PHRES  PA- Philadelphia,2159048340,DEPT: 3724 PH-1024 Tomlinson Rd.
PHRES  PA- Philadelphia,2159048683,DEPT: 3724 PH-1024 Tomlinson Rd.
PHRES  PA- Philadelphia,2673438604,DEPT: 3725 PH-Fuller St.
PHRES  PA- Philadelphia,2677317114,DEPT: 3725 PH-Fuller St.
PHRES  PA- Philadelphia,2159047584,DEPT: 3726 PH-Busleton Ave
PHRES  PA- Philadelphia,2158015868,DEPT: 3727 PH-7781 Hasbrook Ave
PHRES  PA- Philadelphia,2673435586,DEPT: 3727 PH-7781 Hasbrook Ave
PHRES  PA- Philadelphia,2675386821,DEPT: 3727 PH-7781 Hasbrook Ave
PHRES  PA- Philadelphia,2675386828,DEPT: 3727 PH-7781 Hasbrook Ave
PHRES  PA- Philadelphia,2676884309,DEPT: 3727 PH-7781 Hasbrook Ave
PHRES  PA- Philadelphia,2673433550,DEPT: 3728 PH-Harbison Ave
PHRES  PA- Philadelphia,2676864408,DEPT: 3729 PH-Harbison Ave Apt. 9
PHRES  PA- Philadelphia,2159212907,DEPT: 3730 PH-Harbison Ave Apt. 9A
PHRES  PA- Philadelphia,2673886923,DEPT: 3731 PH-1149 Tabor Plaza
PHRES  PA- Philadelphia,2156138157,DEPT: 3732 PH-1735 Ripley Street
PHRES  PA- Philadelphia,2676866935,DEPT: 3733 PH-4403 Pearson Ave
PHRES  PA- Philadelphia,5708436578,DEPT: 4043 PH-745 Blue Shutter Rd.
PHRES  PA- Philadelphia,2156130745,DEPT: 9055 PH- G-A Philadelphia
PIRES  PA - Pittsburgh,4124863303,DEPT: 4225 PI-Sapling-Res.
PIRES  PA - Pittsburgh,4124291779,DEPT: 4235 PI-Pinewood-Res.
PIRES  PA - Pittsburgh,4124610604,DEPT: 4245 PI-Virginia-Res.
PIRES  PA - Pittsburgh,4127320200,DEPT: 4247 PI-Church Ave.
PIRES  PA - Pittsburgh,4125084853,DEPT: 4255 PI-Howden-Res.
PIRES  PA - Pittsburgh,4127665060,DEPT: 4255 PI-Howden-Res.
PIRES  PA - Pittsburgh,4122335793,DEPT: 4261 PI-Worthington-Res.
PIRES  PA - Pittsburgh,4128851260,DEPT: 4263 PI-936 Angelo Drive
PIRES  PA - Pittsburgh,4127148026,DEPT: 4264 PI-5180 Curry Rd. - Pittsburgh
PIRES  PA - Pittsburgh,4127148173,DEPT: 4264 PI-5180 Curry Rd. - Pittsburgh
PIRES  PA - Pittsburgh,4129043740,DEPT: 4265 PI-228 Fingal St.
PIRES  PA - Pittsburgh,4129043880,DEPT: 4265 PI-228 Fingal St.
PIRES  PA - Pittsburgh,4127044372,DEPT: 4266 PI-157 Everglade Dr.
PIRES  PA - Pittsburgh,4127044398,DEPT: 4266 PI-157 Everglade Dr.
PIRES  PA - Pittsburgh,4127957381,DEPT: 4280 PI-Cedarwood-Res.
PIRES  PA - Pittsburgh,4122470352,DEPT: 4285 PI-Hampstead-Res.
PIRES  PA - Pittsburgh,4128813378,DEPT: 4290 PI-Maryann Dr.
PIRES  PA - Pittsburgh,4123184596,DEPT: 4295 PI-Willoughby
PIRES  PA - Pittsburgh,4123642279,DEPT: 4295 PI-Willoughby
PIRES  PA - Pittsburgh,4125483922,DEPT: 4295 PI-Willoughby
PIRES  PA - Pittsburgh,4129310113,DEPT: 4300 PI-Rodenbaugh
PIRES  PA - Pittsburgh,4126352323,DEPT: 4325 PI-Bernice St.
PIRES  PA - Pittsburgh,4127144529,DEPT: 4330 PI-204 McClellan Dr.
PIRES  PA - Pittsburgh,4127148025,DEPT: 4330 PI-204 McClellan Dr.
PIRES  PA - Pittsburgh,4127610571,DEPT: 4340 PI-Hybia St.
PIRES  PA - Pittsburgh,4128250400,DEPT: 4342 PI-Marwood Ave.
PIRES  PA - Pittsburgh,4128250444,DEPT: 4342 PI-Marwood Ave.
PIRES  PA - Pittsburgh,4123498157,DEPT: 4343 PI-1807 Howell St.
PIRES  PA - Pittsburgh,4126465447,DEPT: 4343 PI-1807 Howell St.
PIRES  PA - Pittsburgh,4126465457,DEPT: 4343 PI-1807 Howell St.
PIRES  PA - Pittsburgh,7249419010,DEPT: 4757 WA-106 Greenbriar
PIRES  PA - Pittsburgh,7249412020,DEPT: 4758 WA-112 Braun Dr.
PIRES  PA - Pittsburgh,7249411512,DEPT: 4759 WA-2813 Old Washington Rd.
PIRES  PA - Pittsburgh,7249413412,DEPT: 4760 WA-286 Thompsonville Rd.
PIRES  PA - Pittsburgh,7249423044,DEPT: 4761 WA-111 Brookwood Rd.
PIRES  PA - Pittsburgh,7249423077,DEPT: 4761 WA-111 Brookwood Rd.
PIRES  PA - Pittsburgh,7249423111,DEPT: 4761 WA-111 Brookwood Rd.
PIRES  PA - Pittsburgh,724942312,DEPT: 4761 WA-111 Brookwood Rd.
PIRES  PA - Pittsburgh,4126010327,DEPT: 4803 WM-1526 Ashland St
PIRES  PA - Pittsburgh,7246910114,DEPT: 4803 WM-1526 Ashland St
PIRES  PA - Pittsburgh,4124312015,DEPT: 9016 PI-G-A
PIRES  PA - Pittsburgh,4124314106,DEPT: 9016 PI-G-A
PIRES  PA - Pittsburgh,4124314108,DEPT: 9016 PI-G-A
PIRES  PA - Pittsburgh,4124316277,DEPT: 9016 PI-G-A
PIRES  PA - Pittsburgh,4124317079,DEPT: 9016 PI-G-A
PIRES  PA - Pittsburgh,4124317206,DEPT: 9016 PI-G-A
PIRES  PA - Pittsburgh,4124317214,DEPT: 9016 PI-G-A
PIRES  PA - Pittsburgh,4124317230,DEPT: 9016 PI-G-A
PIRES  PA - Pittsburgh,4124886247,DEPT: 9016 PI-G-A
PORES  PA POCONOS,5705204088,DEPT: 3907 CO-164 Red Brick Church Rd.
PORES  PA POCONOS,5705204095,DEPT: 3907 CO-164 Red Brick Church Rd.
PORES  PA POCONOS,5707597000,DEPT: 3908 107 Maplewood Rd
PORES  PA POCONOS,5704978389,DEPT: 4026 PO-Homm Com Lev 3
PORES  PA POCONOS,5704438565,DEPT: 4030 PO-233 Woodhaven Dr
PORES  PA POCONOS,5703593374,DEPT: 4031 PO-74 Sugarloaf Ave
PORES  PA POCONOS,5703593480,DEPT: 4032 PO-1188 St Johns Rd Drums
PORES  PA POCONOS,5703593490,DEPT: 4032 PO-1188 St Johns Rd Drums
PORES  PA POCONOS,5703593689,DEPT: 4032 PO-1188 St Johns Rd Drums
PORES  PA POCONOS,5703593711,DEPT: 4033 PO-46 Myers Ave
PORES  PA POCONOS,5703554007,DEPT: 4034 PO-1070 Slocum Road
PORES  PA POCONOS,5706758946,DEPT: 4034 PO-1070 Slocum Road
PORES  PA POCONOS,5706783041,DEPT: 4034 PO-1070 Slocum Road
PORES  PA POCONOS,5703593723,DEPT: 4035 PO-139 W Butler Dr Drums
PORES  PA POCONOS,5703593724,DEPT: 4035 PO-139 W Butler Dr Drums
PORES  PA POCONOS,5707226100,DEPT: 4036 PO-220 Old Stage Rd
PORES  PA POCONOS,5707226101,DEPT: 4036 PO-220 Old Stage Rd
PORES  PA POCONOS,5707226040,DEPT: 4037 PO-20 Gowen Rd.
PORES  PA POCONOS,5704136110,DEPT: 4038 PO-7 Clubhouse Rd.
PORES  PA POCONOS,5704136114,DEPT: 4038 PO-7 Clubhouse Rd.
PORES  PA POCONOS,5703555035,DEPT: 4039 PO-3892 Route 115
PORES  PA POCONOS,5703555043,DEPT: 4039 PO-3892 Route 115
PORES  PA POCONOS,5705204133,DEPT: 4041 PO-164 Red Brick Church Rd.
PORES  PA POCONOS,5702150035,DEPT: 4042 PO-112 Holiday Drive
PORES  PA POCONOS,5708487379,DEPT: 4043 PO-745 Blue Shutters Road
PORES  PA POCONOS,5704032159,DEPT: 4044 PO-319 Colley St.
PSRES  Passaic,9738721793,DEPT: 1407 BP-79 Wendt
PSRES  Passaic,8623303240,DEPT: 1408 BP-Iron Forge
PSRES  Passaic,9738390907,DEPT: 1409 BP-111 Pompton Lakes
PSRES  Passaic,9732480245,DEPT: 1410 BP-18 Grove Place
PSRES  Passaic,9733890054,DEPT: 1415 BP-182 Grove Street
PSRES  Passaic,9736339162,DEPT: 1417 BP-709 Brittany Chase
PSRES  Passaic,9733984731,DEPT: 1418 MX-Hopatcong
PSRES  Passaic,9735955587,DEPT: 1422 BP-Lynn Eagen
PSRES  Passaic,9738327011,DEPT: 1422 BP-Lynn Eagen
PSRES  Passaic,9738351802,DEPT: 1428 BP-C-Pep 58 Basswood
PSRES  Passaic,9734272867,DEPT: 1430 BP-GH 1539 4 Penny Court
PSRES  Passaic,9738391591,DEPT: 1431 BP-1431 3320 Pompton Ave
PSRES  Passaic,9735951132,DEPT: 1432 BP-87 Morning Watch Road
PSRES  Passaic,9737200960,DEPT: 1432 BP-87 Morning Watch Road
PSRES  Passaic,9735951702,DEPT: 1433 BP-1003 Brittany Chase
PSRES  Passaic,9735955132,DEPT: 1433 BP-1003 Brittany Chase
PSRES  Passaic,2012522825,DEPT: 1434 BP-2154 Jordan Court
PSRES  Passaic,9738391379,DEPT: 1434 BP-615 Hamburg Tnpk
PSRES  Passaic,9738317390,DEPT: 1434 BP-615 Hamburg Tnpk
PSRES  Passaic,9738391408,DEPT: 1434 BP-615 Hamburg Tnpk
PSRES  Passaic,9738386800,DEPT: 1435 BP-18 Winfred Ct
PSRES  Passaic,9738386801,DEPT: 1435 BP-18 Winfred Ct
PSRES  Passaic,9736162864,DEPT: 1436 BP-221 Ringwood Ave
PSRES  Passaic,9733050825,DEPT: 1501 MX-Harvest Lane
PSRES  Passaic,9732839079,DEPT: 1503 MX-64 E. Belleview Butler
PSRES  Passaic,9732838253,DEPT: 1504 MX-38 Van Houten
PSRES  Passaic,9738383758,DEPT: 1505 MX-20 Seik Rd
PSRES  Passaic,9733340580,DEPT: 1508 MX-South Valley Rd
PSRES  Passaic,9736284516,DEPT: 1508 MX-South Valley Rd
PSRES  Passaic,9733139605,DEPT: 1510 MX-S. Orange - 57 White Oak
PSRES  Passaic,9738318903,DEPT: 1514 MX-520-115 Pompton Turnpike
PSRES  Passaic,9733162483,DEPT: 1515 MX-16 Rathburn Road
PSRES  Passaic,9733162584,DEPT: 1515 MX-16 Rathburn Road
PSRES  Passaic,9732992570,DEPT: 1516 MX-7107 Coventry Court
PSRES  Passaic,9732992629,DEPT: 1516 MX-7107 Coventry Court
PSRES  Passaic,9736280102,DEPT: 3380 PB-Pompton ATC-COE
PSRES  Passaic,9734921745,DEPT: 3385 PB-Journeys 146 Main St
PSRES  Passaic,9734710163,DEPT: 4450 COE-PB
PSRES  Passaic,9734712252,DEPT: 4450 COE-PB
PSRES  Passaic,9738724781,DEPT: 9005 MX-G-A
PSRES  Passaic,2013964903,DEPT: 7061 PS-SUP EMP-Northern
PSRES  Passaic,2013968130,DEPT: 7061 PS-SUP EMP-Northern
PSRES  Passaic,8623092590,DEPT: 7061 PS-SUP EMP-Northern
PSRES  Passaic,9732701061,DEPT: 7061 PS-SUP EMP-Northern
PSRES  Passaic,9737257850,DEPT: 7061 PS-SUP EMP-Northern
PSRES  Passaic,9738916405,DEPT: 7061 PS-SUP EMP-Northern
PSRES  Passaic,9738724782,DEPT: 9005 MX-G-A
PSRES  Passaic,9738727111,DEPT: 9005 MX-G-A
PSRES  Passaic,9738727114,DEPT: 9005 MX-G-A
PSRES  Passaic,9738727115,DEPT: 9005 MX-G-A
PSRES  Passaic,9738727116,DEPT: 9005 MX-G-A
PSRES  Passaic,9738727117,DEPT: 9005 MX-G-A
PSRES  Passaic,9738727118,DEPT: 9005 MX-G-A
PSRES  Passaic,9738727119,DEPT: 9005 MX-G-A
PSRES  Passaic,9738727120,DEPT: 9005 MX-G-A
PSRES  Passaic,9738727121,DEPT: 9005 MX-G-A
PSRES  Passaic,8622178997,PERSONAL CELL: Jocelyn Georges
PSRES  Passaic,9083811208,PERSONAL CELL: Matthew Leckel
PSRES  Passaic,9737141390,PERSONAL CELL: Patricia Seltzer
QURES  NY- Queens,7184806103,DEPT: 3411 QU-112TH ROAD - 4 PERSON IRA
QURES  NY- Queens,7188353083,DEPT: 3411 QU-112TH ROAD - 4 PERSON IRA
QURES  NY- Queens,7182972626,DEPT: 3413 QU 2 Prsn Supportive IRA  171s
QURES  NY- Queens,7182972652,DEPT: 3413 QU 2 Prsn Supportive IRA  171s
QURES  NY- Queens,3474084343,DEPT: 3415 QU-260th Street
QURES  NY- Queens,7184132331,DEPT: 3416 QU - 100th Ave - Queens 5 prsn
QURES  NY- Queens,9294050086,DEPT: 3417 QU - 103rd Street 4C - Hollis
QURES  NY- Queens,9292065418,DEPT: 3581 QU - 228-19 114th Dr.
QURES  NY- Queens,9177469352,DEPT: 9023 Queens - G-A
RARES  Red Ribbon,9739054020,DEPT: 4375 NJ-Red Ribbon Academy
RARES  Red Ribbon,9739054015,DEPT: 4375 NJ-Red Ribbon Academy
RARES  Red Ribbon,9082030240,DEPT: 4376 SE-RRA II
RKRES  MD - Rockville,3016563997,DEPT: 6802 RK-Day Hab Program
RKRES  MD - Rockville,2406694771,DEPT: 6805 RK-3113 Verona Ct.
RKRES  MD - Rockville,2406994770,DEPT: 6805 RK-3113 Verona Ct.
RKRES  MD - Rockville,3018710981,DEPT: 6806 RK-14007 Castaway Dr.
RKRES  MD - Rockville,3016019194,DEPT: 6807 RK-14308 Bauer Dr.
RKRES  MD - Rockville,3016039194,DEPT: 6807 RK-14308 Bauer Dr.
RKRES  MD - Rockville,3014606760,DEPT: 6808 RK-14411 Briarwood Terr.
RKRES  MD - Rockville,3015686068,DEPT: 6809 RK-14911 McKisson
RKRES  MD - Rockville,3018167959,DEPT: 6809 RK-14911 McKisson
RKRES  MD - Rockville,3014606479,DEPT: 6810 RK-14409 Brad Dr.
RKRES  MD - Rockville,3014601036,DEPT: 6811 RK-13901 Congress Dr.
RKRES  MD - Rockville,3014601073,DEPT: 6811 RK-13901 Congress Dr.
RKRES  MD - Rockville,3014601391,DEPT: 6812 RK-17045 Catalpa Court
RKRES  MD - Rockville,3014601392,DEPT: 6812 RK-17045 Catalpa Court
RKRES  MD - Rockville,3019472061,DEPT: 6812 RK-17045 Catalpa Court
RKRES  MD - Rockville,3014605065,DEPT: 6813 RK-14122 Bauer Dr.
RKRES  MD - Rockville,3012162201,DEPT: 6814 RK-17717 Lisa Drive.
RKRES  MD - Rockville,3015270225,DEPT: 6814 RK-17717 Lisa Drive.
RKRES  MD - Rockville,3014603042,DEPT: 6815 RK-14308 Morton Hall Rd.
RKRES  MD - Rockville,3014603104,DEPT: 6815 RK-14308 Morton Hall Rd.
RKRES  MD - Rockville,3013155826,DEPT: 6816 RK-9905 Silver Brook Dr.
RKRES  MD - Rockville,4435455145,DEPT: 6855 GB-11505 Crows Nest Rd.
RKRES  MD - Rockville,2404907871,DEPT: 6883 FR-7003 Rock Creek Dr.
RKRES  MD - Rockville,2404907896,DEPT: 6883 FR-7003 Rock Creek Dr.
RKRES  MD - Rockville,2404907905,DEPT: 6883 FR-7003 Rock Creek Dr.
SARES  San Antonio,2103336879,DEPT: 6410 SA-Monte Seco
SARES  San Antonio,2105990179,DEPT: 6411 SA-Fox Den
SARES  San Antonio,2106535213,DEPT: 6412 SA-Raintree Forest
SARES  San Antonio,2105580606,DEPT: 6413 SA-Windbrooke
SARES  San Antonio,2105991234,DEPT: 6414 SA-13001 Los Espenada
SARES  San Antonio,2104030090,DEPT: 6415 SA-13622 Ashley Oaks
SARES  San Antonio,2104030204,DEPT: 6415 SA-13622 Ashley Oaks
SARES  San Antonio,2104679312,DEPT: 6416 SA-Wood Breeze
SARES  San Antonio,2106376001,DEPT: 6416 SA-Wood Breeze
SARES  San Antonio,2106503198,DEPT: 6417 SA-4906 El Matador St
SARES  San Antonio,3613344057,DEPT: 6510 CC-4430 Bonner Dr.
SARES  San Antonio,3613347226,DEPT: 6510 CC-4430 Bonner Dr.
SARES  San Antonio,2102124966,DEPT: 9033 SA-G-A
SARES  San Antonio,2102124969,DEPT: 9033 SA-G-A
SARES  San Antonio,2102234279,DEPT: 9033 SA-G-A
SARES  San Antonio,2102237015,DEPT: 9033 SA-G-A
SARES  San Antonio,2102237038,DEPT: 9033 SA-G-A
SARES  San Antonio,2102237339,DEPT: 9033 SA-G-A
SCRES  South Carolina,8037499119,DEPT: 6301 SC-St Stephens East
SCRES  South Carolina,8037726621,DEPT: 6302 SC-Romain
SCRES  South Carolina,8038347343,DEPT: 6303 SC-Koulter Drive
SCRES  South Carolina,8035509658,DEPT: 6304 SC-Oak Street
SCRES  South Carolina,8037557773,DEPT: 6304 SC-Oak Street
SCRES  South Carolina,8037083945,DEPT: 6305 SC-Robin Crest
SCRES  South Carolina,8039417007,DEPT: 6306 SC-Old Bush River Rd
SCRES  South Carolina,8039450499,DEPT: 6306 SC-Old Bush River Rd
SCRES  South Carolina,8036617683,DEPT: 6307 SC-Bel Air Drive
SCRES  South Carolina,8035509366,DEPT: 6309 SC-45 Beacon Hill Rd
SCRES  South Carolina,8037644776,DEPT: 6310 SC-346 Wyckombe Rd
SCRES  South Carolina,8035507978,DEPT: 6311 SC-518 Shelton Dr
SCRES  South Carolina,8037647978,DEPT: 6311 SC-518 Shelton Dr
SCRES  South Carolina,8036617245,DEPT: 6312 SC-124 Bridgewater Circle
SCRES  South Carolina,8036617899,DEPT: 6313 SC-107 Century Dr.
SCRES  South Carolina,8038347424,DEPT: 6314 SC- 449 Brookshire Rd.
SCRES  South Carolina,8035874352,DEPT: 6325 SC-Supervised Living Program-A
SCRES  South Carolina,8032608705,DEPT: 6328 SC-NB SLP
SCRES  South Carolina,8037329242,DEPT: 9037 SC-G-A
SCRES  South Carolina,8037329244,DEPT: 9037 SC-G-A
SCRES  South Carolina,8037329540,DEPT: 9037 SC-G-A
SCRES  South Carolina,8037481219,DEPT: 9037 SC-G-A
SCRES  South Carolina,8037503196,DEPT: 9037 SC-G-A
SCRES  South Carolina,8037508998,DEPT: 9037 SC-G-A
SERES  Somerset,7324169146,DEPT: 1328 MI-51 Forest Park Terrace-Monr
SERES  Somerset,7325586366,DEPT: 1328 MI-51 Forest Park Terrace-Monr
SERES  Somerset,7327213959,DEPT: 1329 MI-154 Princeton Road-Middlese
SERES  Somerset,7324226397,DEPT: 1330 MI-240 Glastonburg Lane
SERES  Somerset,7326493761,DEPT: 1330 MI-240 Glastonburg Lane
SERES  Somerset,9088122691,DEPT: 1330 MI-240 Glastonburg Lane
SERES  Somerset,7326131361,DEPT: 1335 MI-41 Ellwood Road
SERES  Somerset,7324226436,DEPT: 1336 MI-2 Aldrich Road
SERES  Somerset,7324226437,DEPT: 1336 MI-2 Aldrich Road
SERES  Somerset,7328286918,DEPT: 1451 SE-6 Fulton
SERES  Somerset,9082814299,DEPT: 1452 SE-Hillsborough-68 Riverview T
SERES  Somerset,9082311341,DEPT: 1453 SE-Raritan-617 N. Thompson
SERES  Somerset,9087911472,DEPT: 1454 SE-91 Myrtle
SERES  Somerset,9086681778,DEPT: 1455 SE-268 Jefferies
SERES  Somerset,7326596423,DEPT: 1456 SE-188 Berger St.
SERES  Somerset,7326596729,DEPT: 1456 SE-188 Berger St.
SERES  Somerset,7323488055,DEPT: 1462 MI-Home Support - C. Brennan
SERES  Somerset,7326586294,DEPT: 1462 MI-Home Support - C. Brennan
SERES  Somerset,7326258225,DEPT: 1463 MI-Home Support - Peter Davies
SERES  Somerset,9088404157,DEPT: 1464 SE-18 Still Hollow Rd.
SERES  Somerset,7323779983,DEPT: 1466 SE-119 Elizabeth St
SERES  Somerset,7323250751,DEPT: 1467 SE-GH1837-5 Orchid Court
SERES  Somerset,7322535409,DEPT: 1468 SE-12 Spring St
SERES  Somerset,9082627793,DEPT: 1469  SE-91 Willow Run Lane
SERES  Somerset,7325720300,DEPT: 1614 SE-303A South 10th Ave - ST303
SERES  Somerset,9082030240,DEPT: 4376 SE - RRA II
SERES  Somerset,8035507978,DEPT: 6311 SC-518 Shelton Dr
SERES  Somerset,8037647978,DEPT: 6311 SC-518 Shelton Dr
SERES  Somerset,9082316762,DEPT: 9004 SE-G-A
SERES  Somerset,9083590975,DEPT: 9004 SE-G-A
SERES  Somerset,9083592042,DEPT: 9004 SE-G-A
SERES  Somerset,9083596897,DEPT: 9004 SE-G-A
SERES  Somerset,9083598369,DEPT: 9004 SE-G-A
SERES  Somerset,9083598814,DEPT: 9004 SE-G-A
SFRES  Santa Fe,5058276017,DEPT: 2501 SF-Supp Emp
SFRES  Santa Fe,5053033416,DEPT: 2509 SF-Adult Day Hab
SFRES  Santa Fe,5053033439,DEPT: 2509 SF-Adult Day Hab
SFRES  Santa Fe,5057957543,DEPT: 2509 SF-Adult Day Hab
SFRES  Santa Fe,5058200214,DEPT: 2509 SF-Adult Day Hab
SFRES  Santa Fe,5059832717,DEPT: 2509 SF-Adult Day Hab
SFRES  Santa Fe,5059891471,DEPT: 2509 SF-Adult Day Hab
SFRES  Santa Fe,5057805193,DEPT: 2511 SF-Supp Living
SFRES  Santa Fe,5057808660,DEPT: 2511 SF-Supp Living
SFRES  Santa Fe,5054710985,DEPT: 2512 SF-Supported Living-6324 Jagua
SFRES  Santa Fe,5054713228,DEPT: 2513 SF-Supported Living-3005 Calle
SFRES  Santa Fe,5054280768,DEPT: 2514 SF-Supported Living-3082 Primo
SFRES  Santa Fe,5054678147,DEPT: 2514 SF-Supported Living-3082 Primo
SFRES  Santa Fe,5057808147,DEPT: 2514 SF-Supported Living-3082 Primo
SFRES  Santa Fe,5055576061,DEPT: 2515 SF-Calle Princesa Juana
SFRES  Santa Fe,5053033391,DEPT: 2515 SF-Calle Princesa Juana
SFRES  Santa Fe,5057720979,DEPT: 2517 SF-4751 Morning Lane A
SRRES  NY - Syracuse,3155654004,DEPT: 3480 SR-OPWDD MVP
SRRES  NY - Syracuse,6077780602,DEPT: 3485 SR-DOH
SRRES  NY - Syracuse,3158025715,DEPT: 3489 SR-OPWDD Emp Internship Progra
SRRES  NY - Syracuse,3154682286,DEPT: 3491 SR-IRA-Rowena
SRRES  NY - Syracuse,3154682906,DEPT: 3491 SR-IRA-Rowena
SRRES  NY - Syracuse,3156993192,DEPT: 3491 SR-IRA-Rowena
SRRES  NY - Syracuse,3153960726,DEPT: 3492 SR-IRA-Oak Hollow
SRRES  NY - Syracuse,3154226290,DEPT: 3492 SR-IRA-Oak Hollow
SRRES  NY - Syracuse,3154462192,DEPT: 3492 SR-IRA-Oak Hollow
SRRES  NY - Syracuse,3154464013,DEPT: 3492 SR-IRA-Oak Hollow
SRRES  NY - Syracuse,3158709123,DEPT: 3492 SR-IRA-Oak Hollow
SRRES  NY - Syracuse,3154630182,DEPT: 3493 SR-IRA-Sunnycrest
SRRES  NY - Syracuse,3154638446,DEPT: 3493 SR-IRA-Sunnycrest
SRRES  NY - Syracuse,3156996103,DEPT: 3493 SR-IRA-Sunnycrest
SRRES  NY - Syracuse,3154549444,DEPT: 3494 SR-IRA-Pleasantville
SRRES  NY - Syracuse,3154332364,DEPT: 3495 SR-IRA-Midler Ave
SRRES  NY - Syracuse,3154462101,DEPT: 3496 SR-Waldorf Pkwy
SRRES  NY - Syracuse,3156563900,DEPT: 3497 SR-IRA Throndike Lane
SRRES  NY - Syracuse,3154543470,DEPT: 3498 SR-Supp IRA Pleasantview 2
SRRES  NY - Syracuse,3154556691,DEPT: 3498 SR-Supp IRA Pleasantview 2
SRRES  NY - Syracuse,3152884581,DEPT: 3499 SR - 8766 Track Side - IRA
SRRES  NY - Syracuse,3152884719,DEPT: 3499 SR - 8766 Track Side - IRA
SRRES  NY - Syracuse,3156222841,DEPT: 3585 SR - 4301 Stepping Stone LN
SRRES  NY - Syracuse,3154885045,DEPT: 3586 SR - 230 Marion Drive
SRRES  NY - Syracuse,3159286060,DEPT: 3587 SR - 216 W Manlius St
SRRES  NY - Syracuse,3154310163,DEPT: 9020 SR-G-A
SRRES  NY - Syracuse,3154310676,DEPT: 9020 SR-G-A
SRRES  NY - Syracuse,3154310728,DEPT: 9020 SR-G-A
SRRES  NY - Syracuse,3154310764,DEPT: 9020 SR-G-A
SRRES  NY - Syracuse,3154319483,DEPT: 9020 SR-G-A
SRRES  NY - Syracuse,3154319859,DEPT: 9020 SR-G-A
STRES  NY - Binghamton,5853199881,DEPT: 3426 ST-Day Hab
STRES  NY - Binghamton,6077419946,DEPT: 3426 ST-Day Hab
STRES  NY - Binghamton,6077482075,DEPT: 3436 ST-6 Person IRA
STRES  NY - Binghamton,6072031929,DEPT: 3438 ST-41 Lanesboro St.
STRES  NY - Binghamton,6072381130,DEPT: 3439 5 Clubhouse Rd IRA ST
STRES  NY - Binghamton,6072370544,DEPT: 3450 ST-Supp Emp
STRES  NY - Binghamton,6073495816,DEPT: 3456 ST-Bnghmtn COM. HAB.
STRES  NY - Binghamton,6074226259,DEPT: 3456 ST-Bnghmtn COM. HAB.
STRES  NY - Binghamton,6074270758,DEPT: 3456 ST-Bnghmtn COM. HAB.
STRES  NY - Binghamton,7178807263,DEPT: 3456 ST-Bnghmtn COM. HAB.
STRES  NY - Binghamton,6073434222,DEPT: 3458 ST-Corning TBI
STRES  NY - Binghamton,6079626273,DEPT: 3458 ST-Corning TBI
STRES  NY - Binghamton,6077224577,DEPT: 9019 ST-G-A
STRES  NY - Binghamton,6077225003,DEPT: 9019 ST-G-A
STRES  NY - Binghamton,6077225971,DEPT: 9019 ST-G-A
STRES  NY - Binghamton,6077229065,DEPT: 9019 ST-G-A
STRES  NY - Binghamton,6077716289,DEPT: 9019 ST-G-A
STRES  NY - Binghamton,6077716829,DEPT: 9019 ST-G-A
STRES  NY - Binghamton,6077716906,DEPT: 9019 ST-G-A
STRES  NY - Binghamton,6077716944,DEPT: 9019 ST-G-A
STRES  NY - Binghamton,6072425371,CO Cell: Virginia Garren (DEPT: 3446: ST-Vesid-Unified Contract)
STRES  NY - Binghamton,6077258538,CO Cell: Teresa Conklin (DEPT: 3446 ST-Vesid-Unified Contract )
STRES  NY - Binghamton,6073435468,CO Cell: Rachel Harendza (DEPT: 3446 ST-Vesid-Unified Contract )
STRES  NY - Binghamton,6073437805,CO Cell: Judy Matthews (DEPT: 3449 ST-Vesid Contract)
STRES  NY - Binghamton,6072013288,CO Cell: Ruth Giovannitti   (DEPT: 3450 ST-Supp Emp)
STRES  NY - Binghamton,6072069438,CO Cell: April Smith (DEPT: 3450 ST-Supp Emp.)
STRES  NY - Binghamton,6073434656,CO Cell: David Francisco (DEPT: 3450 ST-Supp Emp.)
STRES  NY - Binghamton,6072064727,CO Cell: Victoria O'Daniels  (DEPT: 3450 ST-Supp Emp.)
STRES  NY - Binghamton,6076447161,CO Cell: Elizabeth White (DEPT: 3450 ST-Pathway to Employ)
STRES  NY - Binghamton,6073432279,CO Cell: Giacinto Santacroce (DEPT: 3449 Binghmtn ACESS Sup Emply)
STRES  NY - Binghamton,6073724342,Personal Cell: Sarah Maroney
STRES  NY - Binghamton,8454011691,Personal Cell: Sara Azzam
STRES  NY - Binghamton,6072322832,Personal Cell: Constance Giardina
STRES  NY - Binghamton,6079538463,Personal Cell: Wendy Amaro Santiago
STRES  NY - Binghamton,3473142932,Personal Cell: Joy Yebo
STRES  NY - Binghamton,6077442093,Personal Cell: David Curtis
STRES  NY - Binghamton,6077440006,Personal Cell: Valerie Iacoville
STRES  NY - Binghamton,6077616358,Personal Cell: Stephan Edwards
STRES  NY - Binghamton,6076440595,Personal Cell: Tim Bidwell
STRES  NY - Binghamton,3478073422,Personal Cell: Mariama Coulibaly
STRES  NY - Binghamton,6076586170,Personal Cell: Virginia Garren
STRES  NY - Binghamton,6072372550,Personal Cell: Alexis Richter
STRES  NY - Binghamton,7167969650,Personal Cell: Tyler Sherven
STRES  NY - Binghamton,6072012358,Personal Cell: Holly West
STRES  NY - Binghamton,6094802328,Personal Cell: Nicole Sturtevant
TERMS,9999999999,EXT:      9999999999
TNRES  Tennessee,6154322577,DEPT: 6203 TN-2345 Benay Road
TNRES  Tennessee,6158600917,DEPT: 6203 TN-2345 Benay Road
TNRES  Tennessee,6158669389,DEPT: 6203 TN-2345 Benay Road
TNRES  Tennessee,6158839964,DEPT: 6203 TN-2345 Benay Road
TNRES  Tennessee,6156781695,DEPT: 6204 TN-3700 Folkstone Dr.
TNRES  Tennessee,6158681793,DEPT: 6204 TN-3700 Folkstone Dr.
TNRES  Tennessee,6158734222,DEPT: 6204 TN-3700 Folkstone Dr.
TNRES  Tennessee,6154537905,DEPT: 6205 TN-Nancy Draper
TNRES  Tennessee,6155676662,DEPT: 6206 TN-2313 Surrey Lane
TNRES  Tennessee,6156143331,DEPT: 6207 TN-305 Tom Robinson Road
TNRES  Tennessee,6153601105,DEPT: 6208 TN-281 Village Green Dr.
TNRES  Tennessee,3153617046,DEPT: 6209 TN-5149 Hickory Grove Dr.
TNRES  Tennessee,6152802434,DEPT: 6209 TN-5149 Hickory Grove Dr.
TNRES  Tennessee,6153159779,DEPT: 6209 TN-5149 Hickory Grove Dr.
TNRES  Tennessee,6153617046,DEPT: 6209 TN-5149 Hickory Grove Dr.
TNRES  Tennessee,6155094799,DEPT: 6209 TN-5149 Hickory Grove Dr.
TNRES  Tennessee,6153671075,DEPT: 6210 TN-Sammy-Craig
TNRES  Tennessee,6159224989,DEPT: 6211 TN-630 Bell Rd APT 102
TNRES  Tennessee,6154993566,DEPT: 6212 TN-3815 Turley Dr.
TNRES  Tennessee,6157395234,DEPT: 6212 TN-3815 Turley Dr.
TNRES  Tennessee,6153612848,DEPT: 6214 TN-Emily-Judy
TNRES  Tennessee,6153653963,DEPT: 6214 TN-Emily-Judy
TNRES  Tennessee,6157316844,DEPT: 6214 TN-Emily-Judy
TNRES  Tennessee,4238675759,DEPT: 6221 TN-Elgin
TNRES  Tennessee,6153610838,DEPT: 6221 TN-Elgin
TNRES  Tennessee,6152329113,DEPT: 6222 TN-Chris-Jason
TNRES  Tennessee,6157315624,DEPT: 6223 TN-Rhonnie-Lyrica
TNRES  Tennessee,6153609180,DEPT: 6226 TN-Jerry Slack Companion
TNRES  Tennessee,6153650444,DEPT: 6227 TN-Kellen Hunt
TNRES  Tennessee,6153609033,DEPT: 6228 TN-Nikki Patarakis
TNRES  Tennessee,6157171428,DEPT: 6228 TN-Nikki Patarakis
TNRES  Tennessee,6153913109,DEPT: 6231 TN-Keith Anderson
TNRES  Tennessee,6153660243,DEPT: 6232 TN-Kevin McFall
TNRES  Tennessee,6158852206,DEPT: 6233 TN-Elissa Groves
TNRES  Tennessee,6158854853,DEPT: 6233 TN-Elissa Groves
TNRES  Tennessee,6158326877,DEPT: 6235 TN-Tyler Diffie
TNRES  Tennessee,6158347881,DEPT: 6235 TN-Tyler Diffie
TNRES  Tennessee,6153610051,DEPT: 6236 TN-1911 Louanne Drive
TNRES  Tennessee,6154711818,DEPT: 6236 TN-1911 Louanne Drive
TNRES  Tennessee,6156417098,DEPT: 6236 TN-1911 Louanne Drive
TNRES  Tennessee,6157305104,DEPT: 6236 TN-1911 Louanne Drive
TNRES  Tennessee,6155062292,DEPT: 6237 TN-Ronald - Anthony
TNRES  Tennessee,6158854192,DEPT: 6237 TN-Ronald - Anthony
TNRES  Tennessee,6153668075,DEPT: 6238 TN-Megan Shreeve
TNRES  Tennessee,6154458615,DEPT: 6239 TN-Rickey Marsh
TNRES  Tennessee,6158857575,DEPT: 6240 TN-3700 Folkstone Dr
TNRES  Tennessee,6157396836,DEPT: 6241 TN-Craig - Sammie
TNRES  Tennessee,6153994019,DEPT: 6242 TN-Jerry - Ron
TNRES  Tennessee,6158855544,DEPT: 6249 TN-Family Model Home
TNRES  Tennessee,6154435926,DEPT: 6252 TN-Opportunity Project
TNRES  Tennessee,6154625360,DEPT: 6253 TN-731 Rock Springs Dr.
TNRES  Tennessee,6152670081,DEPT: 6254 TN-913 Pin Oak Dr.
TNRES  Tennessee,6152802726,DEPT: 6254 TN-913 Pin Oak Dr.
TNRES  Tennessee,6158407342,DEPT: 6255 TN-3087 Casa Dr.
TNRES  Tennessee,6158669230,DEPT: 6255 TN-3087 Casa Dr.
TNRES  Tennessee,6159428527,DEPT: 6255 TN-3087 Casa Dr.
TNRES  Tennessee,6154544700,DEPT: 6256 TN-2936 Kinwood Dr.
TNRES  Tennessee,6157127953,DEPT: 6256 TN-2936 Kinwood Dr.
TNRES  Tennessee,6159536623,DEPT: 6256 TN-2936 Kinwood Dr.
TNRES  Tennessee,6152654140,DEPT: 6257 TN-110 Pana Drive
TNRES  Tennessee,6159913989,DEPT: 6257 TN-110 Pana Drive
TNRES  Tennessee,6157844699,DEPT: 6258 2972 Cainsville Road TN
TNRES  Tennessee,4233050900,DEPT: 6266 CH-Candice W. - Jessica D.
TNRES  Tennessee,4234683244,DEPT: 6266 CH-Candice W. - Jessica D.
TNRES  Tennessee,4238942994,DEPT: 6266 CH-Candice W. - Jessica D.
TNRES  Tennessee,4238922327,DEPT: 6272 CH-Jessica Roberta Melissa
TNRES  Tennessee,6158851056,DEPT: 9026 TN-G-A
TNRES  Tennessee,6158851060,DEPT: 9026 TN-G-A
TNRES  Tennessee,6158851061,DEPT: 9026 TN-G-A
TNRES  Tennessee,6158851075,DEPT: 9026 TN-G-A
TNRES  Tennessee,6158851083,DEPT: 9026 TN-G-A
TNRES  Tennessee,6158851089,DEPT: 9026 TN-G-A
TNRES  Tennessee,6158851091,DEPT: 9026 TN-G-A
TNRES  Tennessee,6158851099,DEPT: 9026 TN-G-A
TURES  AZ - Tucson,5202573181,DEPT: 6704 TU-8387 N. Oracle
TURES  AZ - Tucson,5203542957,DEPT: 6704 TU-8387 N. Oracle
TURES  AZ - Tucson,5203963386,DEPT: 6706 TU-545 N Gene Dr.
TURES  AZ - Tucson,5208127034,DEPT: 6715 TU- 5550 W Copperhead Drive.
TURES  AZ - Tucson,5202323018,DEPT: 6716 TU-8297 East Magee Hill Loop
TURES  AZ - Tucson,5202989563,DEPT: 6716 TU-8297 East Magee Hill Loop
TURES  AZ - Tucson,5206127123,DEPT: 6717 TU-6364 North Camino Padre
TURES  AZ - Tucson,5208496507,DEPT: 6718: TU-2833 East Copper Street
TURES  AZ - Tucson,5203288288,DEPT: 6719: TU-W. Monmouth Court
TURES  AZ - Tucson,5202079152,DEPT: 9046 TU-G-A
UNRES  NJ - Union,9085162599,DEPT: 2101 UN-New Providence-GH280
UNRES  NJ - Union,9086658576,DEPT: 2101 UN-New Providence-GH280
UNRES  NJ - Union,9732325636,DEPT: 2102 UN-Springfield-GH281
UNRES  NJ - Union,9733767604,DEPT: 2102 UN-Springfield-GH281
UNRES  NJ - Union,9737637248,DEPT: 2103 UN-South Orange-GH201
UNRES  NJ - Union,9738215497,DEPT: 2103 UN-South Orange-GH201
UNRES  NJ - Union,9733272639,DEPT: 2104 UN-Maplewood-GH190
UNRES  NJ - Union,9737637556,DEPT: 2104 UN-Maplewood-GH190
UNRES  NJ - Union,2013421084,DEPT: 2105 UN-Hackensack-GH574
UNRES  NJ - Union,2018800916,DEPT: 2105 UN-Hackensack-GH574
UNRES  NJ - Union,9736381374,DEPT: 2106 UN-Totowa-GH874
UNRES  NJ - Union,9738370775,DEPT: 2106 UN-Totowa-GH874
UNRES  NJ - Union,9083514915,DEPT: 2107 UN-Elizabeth-GH1064
UNRES  NJ - Union,9089629445,DEPT: 2107 UN-Elizabeth-GH1064
UNRES  NJ - Union,9732309438,DEPT: 2108 UN-Newark-GH1119
UNRES  NJ - Union,9734824490,DEPT: 2108 UN-Newark-GH1119
UNRES  NJ - Union,9733757604,DEPT: 7007 UN-CAIL Local G-A
UNRES  NJ - Union,9734674255,DEPT: 7007 UN-CAIL Local G-A
UNRES  NJ - Union,9735645932,DEPT: 7007 UN-CAIL Local G-A
UNRES  NJ - Union,9735646032,DEPT: 7007 UN-CAIL Local G-A
UNRES  NJ - Union,9735646050,DEPT: 7007 UN-CAIL Local G-A
UNRES  NJ - Union,9735646285,DEPT: 7007 UN-CAIL Local G-A
UNRES  NJ - Union,9735647557,DEPT: 7007 UN-CAIL Local G-A
UNRES  NJ - Union,9735647807,DEPT: 7007 UN-CAIL Local G-A
UNRES  NJ - Union,9735648110,DEPT: 7007 UN-CAIL Local G-A
WARES  PA - Washington,7248254408,DEPT: 4753 WA-Home - Comm Habilitation / DEPT: 9056 WA-Washington Office-Local G&A
WARES  PA - Washington,7249419010,DEPT: 4757 WA-106 Greenbriar
WARES  PA - Washington,7249412020,DEPT: 4758 WA-112 Braun Dr.
WARES  PA - Washington,7249411512,DEPT: 4759 WA-2813 Old Washington Rd.
WARES  PA - Washington,7249413412,DEPT: 4760 WA-286 Thompsonville Rd.
WARES  PA - Washington,7249423044,DEPT: 4761 WA-111 Brookwood Rd.
WARES  PA - Washington,7249423077,DEPT: 4761 WA-111 Brookwood Rd.
WARES  PA - Washington,7249423111,DEPT: 4761 WA-111 Brookwood Rd.
WARES  PA - Washington,724942312,DEPT: 4761 WA-111 Brookwood Rd.
WARES  PA - Washington,7242492229,DEPT: 4763 WA-137 Moffat Ave
WIRES,4144231696,DEPT: 3910 CO-928 East 8th Street Extenti
WIRES,4144235362,DEPT: 3920 WI-West Amberidge
WIRES,2625673367,DEPT: 3930 WI-Oconomowoc
WMRES  PA - Westmoreland,7242165676,DEPT: 4801 WM-348 Goodwine Ave
WMRES  PA - Westmoreland,7242165732,DEPT: 4801 WM-348 Goodwine Ave
WMRES  PA - Westmoreland,7245232123,DEPT: 4802 WM-1100 Lewis Ave
WMRES  PA - Westmoreland,4126010327,DEPT: 4803 WM-1526 Ashland St
WMRES  PA - Westmoreland,7246910114,DEPT: 4803 WM-1526 Ashland St
WMRES  PA - Westmoreland,7246910436,DEPT: 4803 WM-1526 Ashland St
WMRES  PA - Westmoreland,7242216909,DEPT: 4804 WM-72 W Glennis Dr
WMRES  PA - Westmoreland,7242216503,DEPT: 4805 WM-453 Slate Run Drive
WMRES  PA - Westmoreland,7245905168,DEPT: 4806 WM-8983 Barnes Lake Rd.
WMRES  PA - Westmoreland,7245964431,DEPT: 4807 WM-4807 1703 Moore Ave
WMRES  PA - Westmoreland,7242216957,DEPT: 4808 WM-1437 Swede Hill Rd. - Green
WMRES  PA - Westmoreland,7242216858,DEPT: 4809 WM-703 Farview Dr. - Greensbur
WMRES  PA - Westmoreland,7245717978,DEPT: 4810 WM-312 Jackson. Ave
WMRES  PA - Westmoreland,7242056970,DEPT: 4811 WM-557 Newport Dr.
WMRES  PA - Westmoreland,7245964544,DEPT: 4812 WM-1806 River Rd.
WMRES  PA - Westmoreland,7245684959,DEPT: 4813 WM-508 Franklin Ave
WMRES  PA - Westmoreland,7245757199,DEPT: 4817 WM-5548 Lincoln Ave
WMRES  PA - Westmoreland,7244712787,DEPT: 4819 WM-180 Church Ave
WMRES  PA - Westmoreland,7245225187,DEPT: 4820 WM-413 Guy St.
WMRES  PA - Westmoreland,7245225467,DEPT: 4821 WM-503 N. 2nd Street
WMRES  PA - Westmoreland,7248018269,DEPT: 4822 WM-1170 Oak St.
WMRES  PA - Westmoreland,7245757429,DEPT: 4823 WM-2206 Hall Court
WMRES  PA - Westmoreland,7247176946,DEPT: 4824 WM-1464 Church St.
WMRES  PA - Westmoreland,7244033281,DEPT: 4825 WM-2427 Home St.
WMRES  PA - Westmoreland,7248018004,DEPT: 4826 WM-2930 Warren Rd.
WMRES  PA - Westmoreland,7246710309,DEPT: 9018 WM-G-A
WMRES  PA - Westmoreland,7242216119,DEPT: 9018 WM-G-A
XXRES  Restrict Web Users,9999999999,EXT:      9999999999
YKRES  PA - YORK,7177933508,DEPT: 4154 YK-301 Findlay St
YKRES  PA - YORK,7178502988,DEPT: 4155 YK-2474 Kotur Avenue
YKRES  PA - YORK,7174306890,DEPT: 4156 YK-3352 Deininger Road
YKRES  PA - YORK,7178502778,DEPT: 4157 YK-250 Eastland Ave - York
YKRES  PA - YORK,7177932713,DEPT: 4158 YK-3149 Carlisle Rd
YKRES  PA - YORK,7174302619,DEPT: 4160 YK-950 Dietz Rd
YKRES  PA - YORK,7173079111,DEPT: 4162 YK-3512 Rodgeway Rd.
YKRES  PA - YORK,7173087941,DEPT: 4163 YK-50E Stony Lane
YKRES  PA - YORK,7174678185,DEPT: 4164 YK-4600 Davidsburg Rd.
YKRES  PA - YORK,7175376901,DEPT: 4166 YK-70 Stanley Dr.
YKRES  PA - YORK,7176188614,DEPT: 4171 YK-821 Imperial Dr.
YKRES  PA - YORK,7172882150,DEPT: 4172 YK-1601 Lime Rd.
YKRES  PA - YORK,7172086468,DEPT: 4173 YK-1942 Drexel Ave.
YKRES  PA - YORK,7178502184,DEPT 9013: YK-G&A
YKRES  PA - YORK,2722033143,TEMP ZOOM FORWARDING NUMBER
